[2026-09-29T22:25:56.925-0400][0.004s][info][gc] Using G1
[2026-09-29T22:25:56.948-0400][0.027s][info][gc,init] Version: 17.0.18+8-LTS (release)
[2026-09-29T22:25:56.948-0400][0.027s][info][gc,init] CPUs: 8 total, 8 available
[2026-09-29T22:25:56.948-0400][0.027s][info][gc,init] Memory: 15788M
[2026-09-29T22:25:56.948-0400][0.027s][info][gc,init] Large Page Support: Disabled
[2026-09-29T22:25:56.948-0400][0.027s][info][gc,init] NUMA Support: Disabled
[2026-09-29T22:25:56.948-0400][0.027s][info][gc,init] Compressed Oops: Enabled (Zero based)
[2026-09-29T22:25:56.948-0400][0.027s][info][gc,init] Heap Region Size: 8M
[2026-09-29T22:25:56.948-0400][0.027s][info][gc,init] Heap Min Capacity: 8M
[2026-09-29T22:25:56.948-0400][0.027s][info][gc,init] Heap Initial Capacity: 248M
[2026-09-29T22:25:56.948-0400][0.027s][info][gc,init] Heap Max Capacity: 9560M
[2026-09-29T22:25:56.948-0400][0.027s][info][gc,init] Pre-touch: Disabled
[2026-09-29T22:25:56.948-0400][0.027s][info][gc,init] Parallel Workers: 8
[2026-09-29T22:25:56.948-0400][0.027s][info][gc,init] Concurrent Workers: 2
[2026-09-29T22:25:56.948-0400][0.027s][info][gc,init] Concurrent Refinement Workers: 8
[2026-09-29T22:25:56.948-0400][0.027s][info][gc,init] Periodic GC: Enabled
[2026-09-29T22:25:56.948-0400][0.027s][info][gc,init] Periodic GC Interval: 10000ms
[2026-09-29T22:25:56.948-0400][0.027s][info][gc,init] G1 Time-Based Heap Sizing enabled (uncommit-only): evaluation_interval=60000ms, uncommit_delay=300000ms, min_regions_to_uncommit=10
[2026-09-29T22:25:56.955-0400][0.035s][info][gc,metaspace] CDS archive(s) mapped at: [0x000075ab73000000-0x000075ab73bc7000-0x000075ab73bc7000), size 12349440, SharedBaseAddress: 0x000075ab73000000, ArchiveRelocationMode: 1.
[2026-09-29T22:25:56.955-0400][0.035s][info][gc,metaspace] Compressed class space mapped at: 0x000075ab74000000-0x000075abb4000000, reserved size: 1073741824
[2026-09-29T22:25:56.955-0400][0.035s][info][gc,metaspace] Narrow klass base: 0x000075ab73000000, Narrow klass shift: 0, Narrow klass range: 0x100000000
[2026-09-29T22:25:57.568-0400][0.647s][info][safepoint   ] Safepoint "ClassLoaderStatsOperation", Time since last: 601090948 ns, Reaching safepoint: 1286859 ns, Cleanup: 116359 ns, At safepoint: 481317 ns, Total: 1884535 ns
[2026-09-29T22:25:57.869-0400][0.949s][info][gc,start    ] GC(0) Pause Young (Normal) (G1 Evacuation Pause)
[2026-09-29T22:25:57.871-0400][0.950s][info][gc,task     ] GC(0) Using 6 workers of 8 for evacuation
[2026-09-29T22:25:57.876-0400][0.955s][info][gc,phases   ] GC(0)   Pre Evacuate Collection Set: 0.18ms
[2026-09-29T22:25:57.876-0400][0.956s][info][gc,phases   ] GC(0)   Merge Heap Roots: 0.27ms
[2026-09-29T22:25:57.876-0400][0.956s][info][gc,phases   ] GC(0)   Evacuate Collection Set: 4.17ms
[2026-09-29T22:25:57.876-0400][0.956s][info][gc,phases   ] GC(0)   Post Evacuate Collection Set: 0.79ms
[2026-09-29T22:25:57.876-0400][0.956s][info][gc,phases   ] GC(0)   Other: 1.52ms
[2026-09-29T22:25:57.876-0400][0.956s][info][gc,heap     ] GC(0) Eden regions: 2->0(3)
[2026-09-29T22:25:57.876-0400][0.956s][info][gc,heap     ] GC(0) Survivor regions: 0->1(1)
[2026-09-29T22:25:57.876-0400][0.956s][info][gc,heap     ] GC(0) Old regions: 0->0
[2026-09-29T22:25:57.876-0400][0.956s][info][gc,heap     ] GC(0) Archive regions: 2->2
[2026-09-29T22:25:57.876-0400][0.956s][info][gc,heap     ] GC(0) Humongous regions: 0->0
[2026-09-29T22:25:57.876-0400][0.956s][info][gc,metaspace] GC(0) Metaspace: 5905K(6080K)->5905K(6080K) NonClass: 5291K(5376K)->5291K(5376K) Class: 613K(704K)->613K(704K)
[2026-09-29T22:25:57.877-0400][0.956s][info][gc          ] GC(0) Pause Young (Normal) (G1 Evacuation Pause) 23M->10M(264M) 7.053ms
[2026-09-29T22:25:57.877-0400][0.956s][info][gc,cpu      ] GC(0) User=0.01s Sys=0.01s Real=0.00s
[2026-09-29T22:25:57.877-0400][0.956s][info][safepoint   ] Safepoint "G1CollectForAllocation", Time since last: 301343023 ns, Reaching safepoint: 5262 ns, Cleanup: 214207 ns, At safepoint: 7212253 ns, Total: 7431722 ns
[2026-09-29T22:25:58.099-0400][1.178s][info][gc,start    ] GC(1) Pause Young (Normal) (G1 Evacuation Pause)
[2026-09-29T22:25:58.099-0400][1.178s][info][gc,task     ] GC(1) Using 6 workers of 8 for evacuation
[2026-09-29T22:25:58.101-0400][1.181s][info][gc,phases   ] GC(1)   Pre Evacuate Collection Set: 0.16ms
[2026-09-29T22:25:58.102-0400][1.181s][info][gc,phases   ] GC(1)   Merge Heap Roots: 0.19ms
[2026-09-29T22:25:58.102-0400][1.181s][info][gc,phases   ] GC(1)   Evacuate Collection Set: 1.74ms
[2026-09-29T22:25:58.102-0400][1.181s][info][gc,phases   ] GC(1)   Post Evacuate Collection Set: 0.53ms
[2026-09-29T22:25:58.102-0400][1.181s][info][gc,phases   ] GC(1)   Other: 0.13ms
[2026-09-29T22:25:58.102-0400][1.181s][info][gc,heap     ] GC(1) Eden regions: 3->0(16)
[2026-09-29T22:25:58.102-0400][1.181s][info][gc,heap     ] GC(1) Survivor regions: 1->1(1)
[2026-09-29T22:25:58.102-0400][1.181s][info][gc,heap     ] GC(1) Old regions: 0->0
[2026-09-29T22:25:58.102-0400][1.181s][info][gc,heap     ] GC(1) Archive regions: 2->2
[2026-09-29T22:25:58.102-0400][1.181s][info][gc,heap     ] GC(1) Humongous regions: 0->0
[2026-09-29T22:25:58.102-0400][1.181s][info][gc,metaspace] GC(1) Metaspace: 7974K(8256K)->7974K(8256K) NonClass: 7102K(7232K)->7102K(7232K) Class: 872K(1024K)->872K(1024K)
[2026-09-29T22:25:58.102-0400][1.181s][info][gc          ] GC(1) Pause Young (Normal) (G1 Evacuation Pause) 34M->11M(264M) 2.820ms
[2026-09-29T22:25:58.102-0400][1.181s][info][gc,cpu      ] GC(1) User=0.02s Sys=0.00s Real=0.01s
[2026-09-29T22:25:58.102-0400][1.181s][info][safepoint   ] Safepoint "G1CollectForAllocation", Time since last: 222050830 ns, Reaching safepoint: 4213 ns, Cleanup: 65326 ns, At safepoint: 2906752 ns, Total: 2976291 ns
[2026-09-29T22:25:58.341-0400][1.420s][info][safepoint   ] Safepoint "ICBufferFull", Time since last: 239481731 ns, Reaching safepoint: 6078 ns, Cleanup: 153900 ns, At safepoint: 3541 ns, Total: 163519 ns
[2026-09-29T22:25:58.607-0400][1.686s][info][safepoint   ] Safepoint "ICBufferFull", Time since last: 265833930 ns, Reaching safepoint: 6627 ns, Cleanup: 179234 ns, At safepoint: 22850 ns, Total: 208711 ns
[2026-09-29T22:25:58.834-0400][1.913s][info][safepoint   ] Safepoint "ICBufferFull", Time since last: 226401691 ns, Reaching safepoint: 7418 ns, Cleanup: 100770 ns, At safepoint: 35288 ns, Total: 143476 ns
[2026-09-29T22:25:58.980-0400][2.059s][info][gc,start    ] GC(2) Pause Young (Normal) (G1 Evacuation Pause)
[2026-09-29T22:25:58.980-0400][2.059s][info][gc,task     ] GC(2) Using 6 workers of 8 for evacuation
[2026-09-29T22:25:58.988-0400][2.067s][info][gc,phases   ] GC(2)   Pre Evacuate Collection Set: 0.17ms
[2026-09-29T22:25:58.988-0400][2.068s][info][gc,phases   ] GC(2)   Merge Heap Roots: 0.13ms
[2026-09-29T22:25:58.988-0400][2.068s][info][gc,phases   ] GC(2)   Evacuate Collection Set: 6.80ms
[2026-09-29T22:25:58.988-0400][2.068s][info][gc,phases   ] GC(2)   Post Evacuate Collection Set: 1.53ms
[2026-09-29T22:25:58.988-0400][2.068s][info][gc,phases   ] GC(2)   Other: 0.12ms
[2026-09-29T22:25:58.988-0400][2.068s][info][gc,heap     ] GC(2) Eden regions: 16->0(16)
[2026-09-29T22:25:58.988-0400][2.068s][info][gc,heap     ] GC(2) Survivor regions: 1->2(3)
[2026-09-29T22:25:58.988-0400][2.068s][info][gc,heap     ] GC(2) Old regions: 0->0
[2026-09-29T22:25:58.988-0400][2.068s][info][gc,heap     ] GC(2) Archive regions: 2->2
[2026-09-29T22:25:58.988-0400][2.068s][info][gc,heap     ] GC(2) Humongous regions: 0->0
[2026-09-29T22:25:58.988-0400][2.068s][info][gc,metaspace] GC(2) Metaspace: 15927K(16320K)->15927K(16320K) NonClass: 14249K(14464K)->14249K(14464K) Class: 1677K(1856K)->1677K(1856K)
[2026-09-29T22:25:58.988-0400][2.068s][info][gc          ] GC(2) Pause Young (Normal) (G1 Evacuation Pause) 139M->20M(264M) 8.817ms
[2026-09-29T22:25:58.988-0400][2.068s][info][gc,cpu      ] GC(2) User=0.04s Sys=0.00s Real=0.01s
[2026-09-29T22:25:58.989-0400][2.068s][info][safepoint   ] Safepoint "G1CollectForAllocation", Time since last: 145655168 ns, Reaching safepoint: 7942 ns, Cleanup: 72764 ns, At safepoint: 8915969 ns, Total: 8996675 ns
[2026-09-29T22:25:59.074-0400][2.153s][info][safepoint   ] Safepoint "ICBufferFull", Time since last: 85087230 ns, Reaching safepoint: 109826 ns, Cleanup: 110156 ns, At safepoint: 50853 ns, Total: 270835 ns
[2026-09-29T22:25:59.600-0400][2.679s][info][gc,start    ] GC(3) Pause Young (Normal) (G1 Evacuation Pause)
[2026-09-29T22:25:59.600-0400][2.679s][info][gc,task     ] GC(3) Using 6 workers of 8 for evacuation
[2026-09-29T22:25:59.612-0400][2.691s][info][gc,phases   ] GC(3)   Pre Evacuate Collection Set: 0.12ms
[2026-09-29T22:25:59.612-0400][2.691s][info][gc,phases   ] GC(3)   Merge Heap Roots: 0.07ms
[2026-09-29T22:25:59.612-0400][2.691s][info][gc,phases   ] GC(3)   Evacuate Collection Set: 9.50ms
[2026-09-29T22:25:59.612-0400][2.691s][info][gc,phases   ] GC(3)   Post Evacuate Collection Set: 1.39ms
[2026-09-29T22:25:59.612-0400][2.691s][info][gc,phases   ] GC(3)   Other: 0.20ms
[2026-09-29T22:25:59.612-0400][2.691s][info][gc,heap     ] GC(3) Eden regions: 16->0(15)
[2026-09-29T22:25:59.612-0400][2.691s][info][gc,heap     ] GC(3) Survivor regions: 2->3(3)
[2026-09-29T22:25:59.612-0400][2.691s][info][gc,heap     ] GC(3) Old regions: 0->0
[2026-09-29T22:25:59.612-0400][2.691s][info][gc,heap     ] GC(3) Archive regions: 2->2
[2026-09-29T22:25:59.612-0400][2.691s][info][gc,heap     ] GC(3) Humongous regions: 0->0
[2026-09-29T22:25:59.612-0400][2.691s][info][gc,metaspace] GC(3) Metaspace: 16499K(16896K)->16499K(16896K) NonClass: 14789K(15040K)->14789K(15040K) Class: 1710K(1856K)->1710K(1856K)
[2026-09-29T22:25:59.612-0400][2.691s][info][gc          ] GC(3) Pause Young (Normal) (G1 Evacuation Pause) 148M->27M(264M) 11.365ms
[2026-09-29T22:25:59.612-0400][2.691s][info][gc,cpu      ] GC(3) User=0.07s Sys=0.00s Real=0.01s
[2026-09-29T22:25:59.612-0400][2.691s][info][safepoint   ] Safepoint "G1CollectForAllocation", Time since last: 526250889 ns, Reaching safepoint: 10897 ns, Cleanup: 107989 ns, At safepoint: 11497011 ns, Total: 11615897 ns
[2026-09-29T22:26:00.105-0400][3.185s][info][safepoint   ] Safepoint "ICBufferFull", Time since last: 493611830 ns, Reaching safepoint: 6921 ns, Cleanup: 86583 ns, At safepoint: 2080 ns, Total: 95584 ns
[2026-09-29T22:26:00.200-0400][3.279s][info][safepoint   ] Safepoint "ICBufferFull", Time since last: 93957196 ns, Reaching safepoint: 8960 ns, Cleanup: 117429 ns, At safepoint: 68725 ns, Total: 195114 ns
[2026-09-29T22:26:00.222-0400][3.301s][info][gc,start    ] GC(4) Pause Young (Normal) (G1 Evacuation Pause)
[2026-09-29T22:26:00.222-0400][3.301s][info][gc,task     ] GC(4) Using 6 workers of 8 for evacuation
[2026-09-29T22:26:00.235-0400][3.314s][info][gc,phases   ] GC(4)   Pre Evacuate Collection Set: 0.19ms
[2026-09-29T22:26:00.235-0400][3.315s][info][gc,phases   ] GC(4)   Merge Heap Roots: 0.15ms
[2026-09-29T22:26:00.236-0400][3.315s][info][gc,phases   ] GC(4)   Evacuate Collection Set: 11.80ms
[2026-09-29T22:26:00.236-0400][3.315s][info][gc,phases   ] GC(4)   Post Evacuate Collection Set: 1.21ms
[2026-09-29T22:26:00.236-0400][3.315s][info][gc,phases   ] GC(4)   Other: 0.25ms
[2026-09-29T22:26:00.236-0400][3.315s][info][gc,heap     ] GC(4) Eden regions: 15->0(16)
[2026-09-29T22:26:00.236-0400][3.315s][info][gc,heap     ] GC(4) Survivor regions: 3->2(3)
[2026-09-29T22:26:00.236-0400][3.315s][info][gc,heap     ] GC(4) Old regions: 0->2
[2026-09-29T22:26:00.236-0400][3.315s][info][gc,heap     ] GC(4) Archive regions: 2->2
[2026-09-29T22:26:00.236-0400][3.315s][info][gc,heap     ] GC(4) Humongous regions: 0->0
[2026-09-29T22:26:00.236-0400][3.315s][info][gc,metaspace] GC(4) Metaspace: 16891K(17216K)->16891K(17216K) NonClass: 15174K(15360K)->15174K(15360K) Class: 1716K(1856K)->1716K(1856K)
[2026-09-29T22:26:00.236-0400][3.315s][info][gc          ] GC(4) Pause Young (Normal) (G1 Evacuation Pause) 147M->33M(264M) 14.006ms
[2026-09-29T22:26:00.236-0400][3.315s][info][gc,cpu      ] GC(4) User=0.07s Sys=0.02s Real=0.01s
[2026-09-29T22:26:00.236-0400][3.315s][info][safepoint   ] Safepoint "G1CollectForAllocation", Time since last: 21886767 ns, Reaching safepoint: 134086 ns, Cleanup: 33894 ns, At safepoint: 14181417 ns, Total: 14349397 ns
[2026-09-29T22:26:00.410-0400][3.489s][info][safepoint   ] Safepoint "ICBufferFull", Time since last: 173610246 ns, Reaching safepoint: 14936 ns, Cleanup: 134088 ns, At safepoint: 37815 ns, Total: 186839 ns
[2026-09-29T22:26:00.489-0400][3.568s][info][gc,start    ] GC(5) Pause Young (Normal) (G1 Evacuation Pause)
[2026-09-29T22:26:00.489-0400][3.568s][info][gc,task     ] GC(5) Using 6 workers of 8 for evacuation
[2026-09-29T22:26:00.497-0400][3.576s][info][gc,phases   ] GC(5)   Pre Evacuate Collection Set: 0.19ms
[2026-09-29T22:26:00.497-0400][3.576s][info][gc,phases   ] GC(5)   Merge Heap Roots: 0.14ms
[2026-09-29T22:26:00.497-0400][3.576s][info][gc,phases   ] GC(5)   Evacuate Collection Set: 6.81ms
[2026-09-29T22:26:00.497-0400][3.576s][info][gc,phases   ] GC(5)   Post Evacuate Collection Set: 0.83ms
[2026-09-29T22:26:00.497-0400][3.576s][info][gc,phases   ] GC(5)   Other: 0.14ms
[2026-09-29T22:26:00.497-0400][3.576s][info][gc,heap     ] GC(5) Eden regions: 16->0(16)
[2026-09-29T22:26:00.497-0400][3.576s][info][gc,heap     ] GC(5) Survivor regions: 2->2(3)
[2026-09-29T22:26:00.497-0400][3.576s][info][gc,heap     ] GC(5) Old regions: 2->3
[2026-09-29T22:26:00.497-0400][3.576s][info][gc,heap     ] GC(5) Archive regions: 2->2
[2026-09-29T22:26:00.497-0400][3.576s][info][gc,heap     ] GC(5) Humongous regions: 0->0
[2026-09-29T22:26:00.497-0400][3.576s][info][gc,metaspace] GC(5) Metaspace: 16971K(17344K)->16971K(17344K) NonClass: 15254K(15488K)->15254K(15488K) Class: 1717K(1856K)->1717K(1856K)
[2026-09-29T22:26:00.497-0400][3.576s][info][gc          ] GC(5) Pause Young (Normal) (G1 Evacuation Pause) 161M->35M(264M) 8.201ms
[2026-09-29T22:26:00.497-0400][3.576s][info][gc,cpu      ] GC(5) User=0.04s Sys=0.02s Real=0.00s
[2026-09-29T22:26:00.497-0400][3.576s][info][safepoint   ] Safepoint "G1CollectForAllocation", Time since last: 79078028 ns, Reaching safepoint: 8590 ns, Cleanup: 24127 ns, At safepoint: 8352818 ns, Total: 8385535 ns
[2026-09-29T22:26:00.766-0400][3.845s][info][gc,start    ] GC(6) Pause Young (Normal) (G1 Evacuation Pause)
[2026-09-29T22:26:00.766-0400][3.845s][info][gc,task     ] GC(6) Using 6 workers of 8 for evacuation
[2026-09-29T22:26:00.777-0400][3.856s][info][gc,phases   ] GC(6)   Pre Evacuate Collection Set: 0.12ms
[2026-09-29T22:26:00.777-0400][3.856s][info][gc,phases   ] GC(6)   Merge Heap Roots: 0.07ms
[2026-09-29T22:26:00.777-0400][3.856s][info][gc,phases   ] GC(6)   Evacuate Collection Set: 9.67ms
[2026-09-29T22:26:00.777-0400][3.856s][info][gc,phases   ] GC(6)   Post Evacuate Collection Set: 0.88ms
[2026-09-29T22:26:00.777-0400][3.856s][info][gc,phases   ] GC(6)   Other: 0.26ms
[2026-09-29T22:26:00.777-0400][3.856s][info][gc,heap     ] GC(6) Eden regions: 16->0(22)
[2026-09-29T22:26:00.777-0400][3.856s][info][gc,heap     ] GC(6) Survivor regions: 2->2(3)
[2026-09-29T22:26:00.777-0400][3.856s][info][gc,heap     ] GC(6) Old regions: 3->3
[2026-09-29T22:26:00.777-0400][3.856s][info][gc,heap     ] GC(6) Archive regions: 2->2
[2026-09-29T22:26:00.777-0400][3.856s][info][gc,heap     ] GC(6) Humongous regions: 0->0
[2026-09-29T22:26:00.777-0400][3.856s][info][gc,metaspace] GC(6) Metaspace: 16997K(17344K)->16997K(17344K) NonClass: 15279K(15488K)->15279K(15488K) Class: 1718K(1856K)->1718K(1856K)
[2026-09-29T22:26:00.777-0400][3.856s][info][gc          ] GC(6) Pause Young (Normal) (G1 Evacuation Pause) 163M->38M(320M) 11.059ms
[2026-09-29T22:26:00.777-0400][3.856s][info][gc,cpu      ] GC(6) User=0.05s Sys=0.00s Real=0.01s
[2026-09-29T22:26:00.777-0400][3.856s][info][safepoint   ] Safepoint "G1CollectForAllocation", Time since last: 269019101 ns, Reaching safepoint: 10904 ns, Cleanup: 49213 ns, At safepoint: 11177762 ns, Total: 11237879 ns
[2026-09-29T22:26:01.147-0400][4.226s][info][gc,start    ] GC(7) Pause Young (Normal) (G1 Evacuation Pause)
[2026-09-29T22:26:01.147-0400][4.226s][info][gc,task     ] GC(7) Using 7 workers of 8 for evacuation
[2026-09-29T22:26:01.151-0400][4.230s][info][gc,phases   ] GC(7)   Pre Evacuate Collection Set: 0.21ms
[2026-09-29T22:26:01.151-0400][4.230s][info][gc,phases   ] GC(7)   Merge Heap Roots: 0.15ms
[2026-09-29T22:26:01.151-0400][4.230s][info][gc,phases   ] GC(7)   Evacuate Collection Set: 2.76ms
[2026-09-29T22:26:01.151-0400][4.230s][info][gc,phases   ] GC(7)   Post Evacuate Collection Set: 0.75ms
[2026-09-29T22:26:01.151-0400][4.230s][info][gc,phases   ] GC(7)   Other: 0.13ms
[2026-09-29T22:26:01.151-0400][4.230s][info][gc,heap     ] GC(7) Eden regions: 22->0(22)
[2026-09-29T22:26:01.151-0400][4.230s][info][gc,heap     ] GC(7) Survivor regions: 2->2(3)
[2026-09-29T22:26:01.151-0400][4.230s][info][gc,heap     ] GC(7) Old regions: 3->3
[2026-09-29T22:26:01.151-0400][4.230s][info][gc,heap     ] GC(7) Archive regions: 2->2
[2026-09-29T22:26:01.151-0400][4.231s][info][gc,heap     ] GC(7) Humongous regions: 0->0
[2026-09-29T22:26:01.151-0400][4.231s][info][gc,metaspace] GC(7) Metaspace: 17026K(17408K)->17026K(17408K) NonClass: 15307K(15552K)->15307K(15552K) Class: 1718K(1856K)->1718K(1856K)
[2026-09-29T22:26:01.151-0400][4.231s][info][gc          ] GC(7) Pause Young (Normal) (G1 Evacuation Pause) 214M->36M(320M) 4.076ms
[2026-09-29T22:26:01.151-0400][4.231s][info][gc,cpu      ] GC(7) User=0.02s Sys=0.01s Real=0.00s
[2026-09-29T22:26:01.152-0400][4.231s][info][safepoint   ] Safepoint "G1CollectForAllocation", Time since last: 369901466 ns, Reaching safepoint: 6412 ns, Cleanup: 52831 ns, At safepoint: 4197213 ns, Total: 4256456 ns
[2026-09-29T22:26:01.309-0400][4.388s][info][safepoint   ] Safepoint "ICBufferFull", Time since last: 157053188 ns, Reaching safepoint: 131839 ns, Cleanup: 166946 ns, At safepoint: 32365 ns, Total: 331150 ns
[2026-09-29T22:26:01.354-0400][4.433s][info][safepoint   ] Safepoint "ICBufferFull", Time since last: 44543237 ns, Reaching safepoint: 8829 ns, Cleanup: 100188 ns, At safepoint: 67384 ns, Total: 176401 ns
[2026-09-29T22:26:01.656-0400][4.735s][info][safepoint   ] Safepoint "ICBufferFull", Time since last: 301625288 ns, Reaching safepoint: 113669 ns, Cleanup: 103219 ns, At safepoint: 49557 ns, Total: 266445 ns
[2026-09-29T22:26:01.913-0400][4.992s][info][safepoint   ] Safepoint "ICBufferFull", Time since last: 256868368 ns, Reaching safepoint: 354055 ns, Cleanup: 173456 ns, At safepoint: 13809 ns, Total: 541320 ns
[2026-09-29T22:26:01.915-0400][4.994s][info][safepoint   ] Safepoint "ICBufferFull", Time since last: 1359870 ns, Reaching safepoint: 721032 ns, Cleanup: 8895 ns, At safepoint: 16964 ns, Total: 746891 ns
[2026-09-29T22:26:02.082-0400][5.161s][info][safepoint   ] Safepoint "ICBufferFull", Time since last: 167070776 ns, Reaching safepoint: 51683 ns, Cleanup: 152200 ns, At safepoint: 81267 ns, Total: 285150 ns
[2026-09-29T22:26:02.084-0400][5.163s][info][gc,start    ] GC(8) Pause Young (Concurrent Start) (Metadata GC Threshold)
[2026-09-29T22:26:02.084-0400][5.163s][info][gc,task     ] GC(8) Using 7 workers of 8 for evacuation
[2026-09-29T22:26:02.098-0400][5.177s][info][gc,phases   ] GC(8)   Pre Evacuate Collection Set: 0.22ms
[2026-09-29T22:26:02.098-0400][5.177s][info][gc,phases   ] GC(8)   Merge Heap Roots: 0.13ms
[2026-09-29T22:26:02.098-0400][5.177s][info][gc,phases   ] GC(8)   Evacuate Collection Set: 11.73ms
[2026-09-29T22:26:02.098-0400][5.177s][info][gc,phases   ] GC(8)   Post Evacuate Collection Set: 1.30ms
[2026-09-29T22:26:02.098-0400][5.177s][info][gc,phases   ] GC(8)   Other: 0.27ms
[2026-09-29T22:26:02.098-0400][5.177s][info][gc,heap     ] GC(8) Eden regions: 15->0(22)
[2026-09-29T22:26:02.098-0400][5.177s][info][gc,heap     ] GC(8) Survivor regions: 2->2(3)
[2026-09-29T22:26:02.098-0400][5.177s][info][gc,heap     ] GC(8) Old regions: 3->3
[2026-09-29T22:26:02.098-0400][5.177s][info][gc,heap     ] GC(8) Archive regions: 2->2
[2026-09-29T22:26:02.098-0400][5.177s][info][gc,heap     ] GC(8) Humongous regions: 0->0
[2026-09-29T22:26:02.098-0400][5.177s][info][gc,metaspace] GC(8) Metaspace: 20877K(21504K)->20877K(21504K) NonClass: 18816K(19200K)->18816K(19200K) Class: 2060K(2304K)->2060K(2304K)
[2026-09-29T22:26:02.098-0400][5.177s][info][gc          ] GC(8) Pause Young (Concurrent Start) (Metadata GC Threshold) 152M->40M(320M) 13.746ms
[2026-09-29T22:26:02.098-0400][5.177s][info][gc,cpu      ] GC(8) User=0.05s Sys=0.01s Real=0.01s
[2026-09-29T22:26:02.098-0400][5.177s][info][gc          ] GC(9) Concurrent Mark Cycle
[2026-09-29T22:26:02.098-0400][5.177s][info][gc,marking  ] GC(9) Concurrent Clear Claimed Marks
[2026-09-29T22:26:02.098-0400][5.177s][info][gc,marking  ] GC(9) Concurrent Clear Claimed Marks 0.049ms
[2026-09-29T22:26:02.098-0400][5.177s][info][gc,marking  ] GC(9) Concurrent Scan Root Regions
[2026-09-29T22:26:02.099-0400][5.178s][info][safepoint   ] Safepoint "CollectForMetadataAllocation", Time since last: 1416252 ns, Reaching safepoint: 205015 ns, Cleanup: 24215 ns, At safepoint: 14624304 ns, Total: 14853534 ns
[2026-09-29T22:26:02.108-0400][5.187s][info][gc,marking  ] GC(9) Concurrent Scan Root Regions 9.654ms
[2026-09-29T22:26:02.108-0400][5.187s][info][gc,marking  ] GC(9) Concurrent Mark
[2026-09-29T22:26:02.108-0400][5.187s][info][gc,marking  ] GC(9) Concurrent Mark From Roots
[2026-09-29T22:26:02.108-0400][5.187s][info][gc,task     ] GC(9) Using 2 workers of 2 for marking
[2026-09-29T22:26:02.144-0400][5.224s][info][safepoint   ] Safepoint "CollectForMetadataAllocation", Time since last: 38086660 ns, Reaching safepoint: 3053987 ns, Cleanup: 34251 ns, At safepoint: 4573642 ns, Total: 7661880 ns
[2026-09-29T22:26:02.144-0400][5.224s][info][gc,marking  ] GC(9) Concurrent Mark From Roots 36.721ms
[2026-09-29T22:26:02.144-0400][5.224s][info][gc,marking  ] GC(9) Concurrent Preclean
[2026-09-29T22:26:02.145-0400][5.224s][info][gc,marking  ] GC(9) Concurrent Preclean 0.083ms
[2026-09-29T22:26:02.145-0400][5.224s][info][gc,start    ] GC(9) Pause Remark
[2026-09-29T22:26:02.164-0400][5.243s][info][gc,heap     ] GC(9) Heap shrink completed: uncommitted 24 regions (192MB), heap size now 128MB
[2026-09-29T22:26:02.164-0400][5.243s][info][gc          ] GC(9) Pause Remark 46M->46M(128M) 18.618ms
[2026-09-29T22:26:02.164-0400][5.243s][info][gc,cpu      ] GC(9) User=0.03s Sys=0.00s Real=0.02s
[2026-09-29T22:26:02.164-0400][5.243s][info][safepoint   ] Safepoint "G1PauseRemark", Time since last: 515991 ns, Reaching safepoint: 118995 ns, Cleanup: 8805 ns, At safepoint: 18728140 ns, Total: 18855940 ns
[2026-09-29T22:26:02.164-0400][5.243s][info][gc,marking  ] GC(9) Concurrent Mark 56.286ms
[2026-09-29T22:26:02.164-0400][5.243s][info][gc,marking  ] GC(9) Concurrent Rebuild Remembered Sets
[2026-09-29T22:26:02.175-0400][5.254s][info][gc,marking  ] GC(9) Concurrent Rebuild Remembered Sets 10.969ms
[2026-09-29T22:26:02.176-0400][5.255s][info][gc,start    ] GC(9) Pause Cleanup
[2026-09-29T22:26:02.176-0400][5.255s][info][gc          ] GC(9) Pause Cleanup 47M->47M(128M) 0.176ms
[2026-09-29T22:26:02.176-0400][5.255s][info][gc,cpu      ] GC(9) User=0.00s Sys=0.00s Real=0.00s
[2026-09-29T22:26:02.176-0400][5.256s][info][safepoint   ] Safepoint "G1PauseCleanup", Time since last: 11339244 ns, Reaching safepoint: 1035030 ns, Cleanup: 18511 ns, At safepoint: 271060 ns, Total: 1324601 ns
[2026-09-29T22:26:02.176-0400][5.256s][info][gc,marking  ] GC(9) Concurrent Cleanup for Next Mark
[2026-09-29T22:26:02.178-0400][5.257s][info][gc,marking  ] GC(9) Concurrent Cleanup for Next Mark 1.223ms
[2026-09-29T22:26:02.178-0400][5.257s][info][gc          ] GC(9) Concurrent Mark Cycle 79.794ms
[2026-09-29T22:26:02.552-0400][5.631s][info][safepoint   ] Safepoint "ICBufferFull", Time since last: 375419500 ns, Reaching safepoint: 126454 ns, Cleanup: 89408 ns, At safepoint: 55869 ns, Total: 271731 ns
[2026-09-29T22:26:02.595-0400][5.674s][info][safepoint   ] Safepoint "ClassLoaderStatsOperation", Time since last: 39852248 ns, Reaching safepoint: 144320 ns, Cleanup: 28449 ns, At safepoint: 3124977 ns, Total: 3297746 ns
[2026-09-29T22:26:02.597-0400][5.676s][info][gc,start    ] GC(10) Pause Young (Prepare Mixed) (G1 Evacuation Pause)
[2026-09-29T22:26:02.597-0400][5.676s][info][gc,task     ] GC(10) Using 6 workers of 8 for evacuation
[2026-09-29T22:26:02.618-0400][5.697s][info][gc,phases   ] GC(10)   Pre Evacuate Collection Set: 0.30ms
[2026-09-29T22:26:02.618-0400][5.697s][info][gc,phases   ] GC(10)   Merge Heap Roots: 0.08ms
[2026-09-29T22:26:02.618-0400][5.697s][info][gc,phases   ] GC(10)   Evacuate Collection Set: 19.57ms
[2026-09-29T22:26:02.618-0400][5.697s][info][gc,phases   ] GC(10)   Post Evacuate Collection Set: 0.81ms
[2026-09-29T22:26:02.618-0400][5.697s][info][gc,phases   ] GC(10)   Other: 0.18ms
[2026-09-29T22:26:02.618-0400][5.697s][info][gc,heap     ] GC(10) Eden regions: 7->0(1)
[2026-09-29T22:26:02.618-0400][5.697s][info][gc,heap     ] GC(10) Survivor regions: 2->1(2)
[2026-09-29T22:26:02.618-0400][5.697s][info][gc,heap     ] GC(10) Old regions: 3->5
[2026-09-29T22:26:02.618-0400][5.697s][info][gc,heap     ] GC(10) Archive regions: 2->2
[2026-09-29T22:26:02.618-0400][5.697s][info][gc,heap     ] GC(10) Humongous regions: 0->0
[2026-09-29T22:26:02.618-0400][5.697s][info][gc,metaspace] GC(10) Metaspace: 24964K(25984K)->24964K(25984K) NonClass: 22474K(23104K)->22474K(23104K) Class: 2489K(2880K)->2489K(2880K)
[2026-09-29T22:26:02.618-0400][5.697s][info][gc          ] GC(10) Pause Young (Prepare Mixed) (G1 Evacuation Pause) 96M->46M(136M) 21.016ms
[2026-09-29T22:26:02.618-0400][5.697s][info][gc,cpu      ] GC(10) User=0.08s Sys=0.01s Real=0.02s
[2026-09-29T22:26:02.618-0400][5.697s][info][safepoint   ] Safepoint "G1CollectForAllocation", Time since last: 1769419 ns, Reaching safepoint: 11923 ns, Cleanup: 13809 ns, At safepoint: 21149024 ns, Total: 21174756 ns
[2026-09-29T22:26:02.712-0400][5.791s][info][gc,start    ] GC(11) Pause Young (Mixed) (G1 Evacuation Pause)
[2026-09-29T22:26:02.712-0400][5.792s][info][gc,task     ] GC(11) Using 6 workers of 8 for evacuation
[2026-09-29T22:26:02.721-0400][5.800s][info][gc,phases   ] GC(11)   Pre Evacuate Collection Set: 0.11ms
[2026-09-29T22:26:02.721-0400][5.800s][info][gc,phases   ] GC(11)   Merge Heap Roots: 0.20ms
[2026-09-29T22:26:02.721-0400][5.800s][info][gc,phases   ] GC(11)   Evacuate Collection Set: 7.01ms
[2026-09-29T22:26:02.721-0400][5.800s][info][gc,phases   ] GC(11)   Post Evacuate Collection Set: 0.88ms
[2026-09-29T22:26:02.721-0400][5.800s][info][gc,phases   ] GC(11)   Other: 0.15ms
[2026-09-29T22:26:02.721-0400][5.800s][info][gc,heap     ] GC(11) Eden regions: 1->0(5)
[2026-09-29T22:26:02.721-0400][5.800s][info][gc,heap     ] GC(11) Survivor regions: 1->1(1)
[2026-09-29T22:26:02.721-0400][5.800s][info][gc,heap     ] GC(11) Old regions: 5->5
[2026-09-29T22:26:02.721-0400][5.800s][info][gc,heap     ] GC(11) Archive regions: 2->2
[2026-09-29T22:26:02.721-0400][5.800s][info][gc,heap     ] GC(11) Humongous regions: 0->0
[2026-09-29T22:26:02.721-0400][5.800s][info][gc,metaspace] GC(11) Metaspace: 26471K(27648K)->26471K(27648K) NonClass: 23807K(24512K)->23807K(24512K) Class: 2663K(3136K)->2663K(3136K)
[2026-09-29T22:26:02.721-0400][5.800s][info][gc          ] GC(11) Pause Young (Mixed) (G1 Evacuation Pause) 54M->46M(136M) 8.413ms
[2026-09-29T22:26:02.721-0400][5.800s][info][gc,cpu      ] GC(11) User=0.03s Sys=0.00s Real=0.01s
[2026-09-29T22:26:02.721-0400][5.800s][info][safepoint   ] Safepoint "G1CollectForAllocation", Time since last: 93422608 ns, Reaching safepoint: 638501 ns, Cleanup: 43464 ns, At safepoint: 8911773 ns, Total: 9593738 ns
[2026-09-29T22:26:03.766-0400][6.845s][info][safepoint   ] Safepoint "ICBufferFull", Time since last: 1044367777 ns, Reaching safepoint: 120301 ns, Cleanup: 135047 ns, At safepoint: 87199 ns, Total: 342547 ns
[2026-09-29T22:26:04.030-0400][7.109s][info][gc,start    ] GC(12) Pause Young (Concurrent Start) (G1 Evacuation Pause)
[2026-09-29T22:26:04.030-0400][7.109s][info][gc,task     ] GC(12) Using 6 workers of 8 for evacuation
[2026-09-29T22:26:04.041-0400][7.120s][info][gc,phases   ] GC(12)   Pre Evacuate Collection Set: 0.21ms
[2026-09-29T22:26:04.041-0400][7.120s][info][gc,phases   ] GC(12)   Merge Heap Roots: 0.15ms
[2026-09-29T22:26:04.041-0400][7.120s][info][gc,phases   ] GC(12)   Evacuate Collection Set: 8.78ms
[2026-09-29T22:26:04.041-0400][7.120s][info][gc,phases   ] GC(12)   Post Evacuate Collection Set: 1.52ms
[2026-09-29T22:26:04.041-0400][7.120s][info][gc,phases   ] GC(12)   Other: 0.20ms
[2026-09-29T22:26:04.041-0400][7.120s][info][gc,heap     ] GC(12) Eden regions: 5->0(11)
[2026-09-29T22:26:04.041-0400][7.120s][info][gc,heap     ] GC(12) Survivor regions: 1->1(1)
[2026-09-29T22:26:04.041-0400][7.120s][info][gc,heap     ] GC(12) Old regions: 5->5
[2026-09-29T22:26:04.041-0400][7.120s][info][gc,heap     ] GC(12) Archive regions: 2->2
[2026-09-29T22:26:04.041-0400][7.120s][info][gc,heap     ] GC(12) Humongous regions: 0->0
[2026-09-29T22:26:04.041-0400][7.120s][info][gc,metaspace] GC(12) Metaspace: 31718K(33152K)->31718K(33152K) NonClass: 28480K(29376K)->28480K(29376K) Class: 3237K(3776K)->3237K(3776K)
[2026-09-29T22:26:04.041-0400][7.120s][info][gc          ] GC(12) Pause Young (Concurrent Start) (G1 Evacuation Pause) 86M->49M(200M) 10.949ms
[2026-09-29T22:26:04.041-0400][7.120s][info][gc,cpu      ] GC(12) User=0.05s Sys=0.01s Real=0.01s
[2026-09-29T22:26:04.041-0400][7.120s][info][safepoint   ] Safepoint "G1CollectForAllocation", Time since last: 264127003 ns, Reaching safepoint: 9557 ns, Cleanup: 115540 ns, At safepoint: 11111189 ns, Total: 11236286 ns
[2026-09-29T22:26:04.041-0400][7.120s][info][gc          ] GC(13) Concurrent Mark Cycle
[2026-09-29T22:26:04.041-0400][7.120s][info][gc,marking  ] GC(13) Concurrent Clear Claimed Marks
[2026-09-29T22:26:04.041-0400][7.121s][info][gc,marking  ] GC(13) Concurrent Clear Claimed Marks 0.069ms
[2026-09-29T22:26:04.041-0400][7.121s][info][gc,marking  ] GC(13) Concurrent Scan Root Regions
[2026-09-29T22:26:04.052-0400][7.131s][info][gc,marking  ] GC(13) Concurrent Scan Root Regions 10.127ms
[2026-09-29T22:26:04.052-0400][7.131s][info][gc,marking  ] GC(13) Concurrent Mark
[2026-09-29T22:26:04.052-0400][7.131s][info][gc,marking  ] GC(13) Concurrent Mark From Roots
[2026-09-29T22:26:04.052-0400][7.131s][info][gc,task     ] GC(13) Using 2 workers of 2 for marking
[2026-09-29T22:26:04.101-0400][7.180s][info][gc,marking  ] GC(13) Concurrent Mark From Roots 49.544ms
[2026-09-29T22:26:04.101-0400][7.180s][info][gc,marking  ] GC(13) Concurrent Preclean
[2026-09-29T22:26:04.101-0400][7.181s][info][gc,marking  ] GC(13) Concurrent Preclean 0.117ms
[2026-09-29T22:26:04.102-0400][7.181s][info][gc,start    ] GC(13) Pause Remark
[2026-09-29T22:26:04.105-0400][7.184s][info][gc,heap     ] GC(13) Heap shrink completed: uncommitted 7 regions (56MB), heap size now 144MB
[2026-09-29T22:26:04.105-0400][7.185s][info][gc          ] GC(13) Pause Remark 52M->52M(144M) 3.733ms
[2026-09-29T22:26:04.105-0400][7.185s][info][gc,cpu      ] GC(13) User=0.02s Sys=0.00s Real=0.00s
[2026-09-29T22:26:04.106-0400][7.185s][info][safepoint   ] Safepoint "G1PauseRemark", Time since last: 60185146 ns, Reaching safepoint: 114078 ns, Cleanup: 39331 ns, At safepoint: 3873036 ns, Total: 4026445 ns
[2026-09-29T22:26:04.106-0400][7.185s][info][gc,marking  ] GC(13) Concurrent Mark 53.965ms
[2026-09-29T22:26:04.106-0400][7.185s][info][gc,marking  ] GC(13) Concurrent Rebuild Remembered Sets
[2026-09-29T22:26:04.124-0400][7.203s][info][gc,marking  ] GC(13) Concurrent Rebuild Remembered Sets 17.971ms
[2026-09-29T22:26:04.124-0400][7.203s][info][gc,start    ] GC(13) Pause Cleanup
[2026-09-29T22:26:04.124-0400][7.203s][info][gc          ] GC(13) Pause Cleanup 52M->52M(144M) 0.155ms
[2026-09-29T22:26:04.124-0400][7.203s][info][gc,cpu      ] GC(13) User=0.01s Sys=0.00s Real=0.00s
[2026-09-29T22:26:04.124-0400][7.203s][info][safepoint   ] Safepoint "G1PauseCleanup", Time since last: 18157260 ns, Reaching safepoint: 123161 ns, Cleanup: 4968 ns, At safepoint: 251550 ns, Total: 379679 ns
[2026-09-29T22:26:04.124-0400][7.203s][info][gc,marking  ] GC(13) Concurrent Cleanup for Next Mark
[2026-09-29T22:26:04.125-0400][7.204s][info][gc,marking  ] GC(13) Concurrent Cleanup for Next Mark 0.846ms
[2026-09-29T22:26:04.125-0400][7.204s][info][gc          ] GC(13) Concurrent Mark Cycle 83.639ms
[2026-09-29T22:26:04.786-0400][7.865s][info][safepoint   ] Safepoint "ICBufferFull", Time since last: 661720299 ns, Reaching safepoint: 7555 ns, Cleanup: 156176 ns, At safepoint: 96814 ns, Total: 260545 ns
[2026-09-29T22:26:05.168-0400][8.247s][info][safepoint   ] Safepoint "ICBufferFull", Time since last: 381677923 ns, Reaching safepoint: 10990 ns, Cleanup: 90353 ns, At safepoint: 28526 ns, Total: 129869 ns
[2026-09-29T22:26:05.420-0400][8.499s][info][gc,start    ] GC(14) Pause Young (Normal) (G1 Evacuation Pause)
[2026-09-29T22:26:05.420-0400][8.499s][info][gc,task     ] GC(14) Using 6 workers of 8 for evacuation
[2026-09-29T22:26:05.431-0400][8.510s][info][gc,phases   ] GC(14)   Pre Evacuate Collection Set: 0.20ms
[2026-09-29T22:26:05.431-0400][8.510s][info][gc,phases   ] GC(14)   Merge Heap Roots: 0.09ms
[2026-09-29T22:26:05.431-0400][8.510s][info][gc,phases   ] GC(14)   Evacuate Collection Set: 8.95ms
[2026-09-29T22:26:05.431-0400][8.510s][info][gc,phases   ] GC(14)   Post Evacuate Collection Set: 2.00ms
[2026-09-29T22:26:05.431-0400][8.510s][info][gc,phases   ] GC(14)   Other: 0.15ms
[2026-09-29T22:26:05.431-0400][8.510s][info][gc,heap     ] GC(14) Eden regions: 9->0(5)
[2026-09-29T22:26:05.431-0400][8.510s][info][gc,heap     ] GC(14) Survivor regions: 1->2(2)
[2026-09-29T22:26:05.431-0400][8.510s][info][gc,heap     ] GC(14) Old regions: 5->6
[2026-09-29T22:26:05.431-0400][8.510s][info][gc,heap     ] GC(14) Archive regions: 2->2
[2026-09-29T22:26:05.431-0400][8.510s][info][gc,heap     ] GC(14) Humongous regions: 1->0
[2026-09-29T22:26:05.431-0400][8.510s][info][gc,metaspace] GC(14) Metaspace: 42560K(44224K)->42560K(44224K) NonClass: 38090K(39168K)->38090K(39168K) Class: 4469K(5056K)->4469K(5056K)
[2026-09-29T22:26:05.431-0400][8.511s][info][gc          ] GC(14) Pause Young (Normal) (G1 Evacuation Pause) 129M->61M(168M) 11.442ms
[2026-09-29T22:26:05.431-0400][8.511s][info][gc,cpu      ] GC(14) User=0.07s Sys=0.01s Real=0.01s
[2026-09-29T22:26:05.432-0400][8.511s][info][safepoint   ] Safepoint "G1CollectForAllocation", Time since last: 251933389 ns, Reaching safepoint: 108984 ns, Cleanup: 43966 ns, At safepoint: 11589761 ns, Total: 11742711 ns
[2026-09-29T22:26:05.832-0400][8.911s][info][safepoint   ] Safepoint "ICBufferFull", Time since last: 399628385 ns, Reaching safepoint: 129858 ns, Cleanup: 267371 ns, At safepoint: 50262 ns, Total: 447491 ns
[2026-09-29T22:26:05.895-0400][8.974s][info][gc,start    ] GC(15) Pause Young (Normal) (G1 Evacuation Pause)
[2026-09-29T22:26:05.895-0400][8.974s][info][gc,task     ] GC(15) Using 6 workers of 8 for evacuation
[2026-09-29T22:26:05.905-0400][8.984s][info][gc,phases   ] GC(15)   Pre Evacuate Collection Set: 0.19ms
[2026-09-29T22:26:05.905-0400][8.984s][info][gc,phases   ] GC(15)   Merge Heap Roots: 0.15ms
[2026-09-29T22:26:05.905-0400][8.984s][info][gc,phases   ] GC(15)   Evacuate Collection Set: 7.50ms
[2026-09-29T22:26:05.905-0400][8.984s][info][gc,phases   ] GC(15)   Post Evacuate Collection Set: 1.34ms
[2026-09-29T22:26:05.905-0400][8.984s][info][gc,phases   ] GC(15)   Other: 0.18ms
[2026-09-29T22:26:05.905-0400][8.984s][info][gc,heap     ] GC(15) Eden regions: 5->0(5)
[2026-09-29T22:26:05.905-0400][8.984s][info][gc,heap     ] GC(15) Survivor regions: 2->1(1)
[2026-09-29T22:26:05.905-0400][8.984s][info][gc,heap     ] GC(15) Old regions: 6->7
[2026-09-29T22:26:05.905-0400][8.984s][info][gc,heap     ] GC(15) Archive regions: 2->2
[2026-09-29T22:26:05.905-0400][8.984s][info][gc,heap     ] GC(15) Humongous regions: 0->0
[2026-09-29T22:26:05.905-0400][8.984s][info][gc,metaspace] GC(15) Metaspace: 50425K(52480K)->50425K(52480K) NonClass: 44885K(46208K)->44885K(46208K) Class: 5540K(6272K)->5540K(6272K)
[2026-09-29T22:26:05.905-0400][8.984s][info][gc          ] GC(15) Pause Young (Normal) (G1 Evacuation Pause) 101M->62M(168M) 9.454ms
[2026-09-29T22:26:05.905-0400][8.984s][info][gc,cpu      ] GC(15) User=0.06s Sys=0.00s Real=0.01s
[2026-09-29T22:26:05.905-0400][8.984s][info][safepoint   ] Safepoint "G1CollectForAllocation", Time since last: 63621736 ns, Reaching safepoint: 12117 ns, Cleanup: 35521 ns, At safepoint: 9580403 ns, Total: 9628041 ns
[2026-09-29T22:26:06.306-0400][9.385s][info][gc,start    ] GC(16) Pause Young (Concurrent Start) (Metadata GC Threshold)
[2026-09-29T22:26:06.306-0400][9.385s][info][gc,task     ] GC(16) Using 6 workers of 8 for evacuation
[2026-09-29T22:26:06.310-0400][9.389s][info][gc,phases   ] GC(16)   Pre Evacuate Collection Set: 0.31ms
[2026-09-29T22:26:06.310-0400][9.389s][info][gc,phases   ] GC(16)   Merge Heap Roots: 0.25ms
[2026-09-29T22:26:06.310-0400][9.389s][info][gc,phases   ] GC(16)   Evacuate Collection Set: 2.82ms
[2026-09-29T22:26:06.310-0400][9.389s][info][gc,phases   ] GC(16)   Post Evacuate Collection Set: 0.75ms
[2026-09-29T22:26:06.310-0400][9.389s][info][gc,phases   ] GC(16)   Other: 0.22ms
[2026-09-29T22:26:06.310-0400][9.389s][info][gc,heap     ] GC(16) Eden regions: 4->0(6)
[2026-09-29T22:26:06.310-0400][9.389s][info][gc,heap     ] GC(16) Survivor regions: 1->1(1)
[2026-09-29T22:26:06.310-0400][9.389s][info][gc,heap     ] GC(16) Old regions: 7->7
[2026-09-29T22:26:06.310-0400][9.389s][info][gc,heap     ] GC(16) Archive regions: 2->2
[2026-09-29T22:26:06.310-0400][9.389s][info][gc,heap     ] GC(16) Humongous regions: 0->0
[2026-09-29T22:26:06.310-0400][9.389s][info][gc,metaspace] GC(16) Metaspace: 53885K(56128K)->53885K(56128K) NonClass: 47977K(49408K)->47977K(49408K) Class: 5908K(6720K)->5908K(6720K)
[2026-09-29T22:26:06.310-0400][9.389s][info][gc          ] GC(16) Pause Young (Concurrent Start) (Metadata GC Threshold) 87M->64M(168M) 4.374ms
[2026-09-29T22:26:06.310-0400][9.389s][info][gc,cpu      ] GC(16) User=0.02s Sys=0.00s Real=0.01s
[2026-09-29T22:26:06.310-0400][9.389s][info][gc          ] GC(17) Concurrent Mark Cycle
[2026-09-29T22:26:06.310-0400][9.390s][info][gc,marking  ] GC(17) Concurrent Clear Claimed Marks
[2026-09-29T22:26:06.310-0400][9.390s][info][gc,marking  ] GC(17) Concurrent Clear Claimed Marks 0.073ms
[2026-09-29T22:26:06.310-0400][9.390s][info][gc,marking  ] GC(17) Concurrent Scan Root Regions
[2026-09-29T22:26:06.311-0400][9.390s][info][safepoint   ] Safepoint "CollectForMetadataAllocation", Time since last: 400805264 ns, Reaching safepoint: 11291 ns, Cleanup: 116773 ns, At safepoint: 4802292 ns, Total: 4930356 ns
[2026-09-29T22:26:06.315-0400][9.395s][info][gc,marking  ] GC(17) Concurrent Scan Root Regions 4.912ms
[2026-09-29T22:26:06.315-0400][9.395s][info][gc,marking  ] GC(17) Concurrent Mark
[2026-09-29T22:26:06.315-0400][9.395s][info][gc,marking  ] GC(17) Concurrent Mark From Roots
[2026-09-29T22:26:06.315-0400][9.395s][info][gc,task     ] GC(17) Using 2 workers of 2 for marking
[2026-09-29T22:26:06.346-0400][9.425s][info][safepoint   ] Safepoint "CollectForMetadataAllocation", Time since last: 34968363 ns, Reaching safepoint: 111624 ns, Cleanup: 60586 ns, At safepoint: 317439 ns, Total: 489649 ns
[2026-09-29T22:26:06.369-0400][9.448s][info][gc,marking  ] GC(17) Concurrent Mark From Roots 53.636ms
[2026-09-29T22:26:06.369-0400][9.448s][info][gc,marking  ] GC(17) Concurrent Preclean
[2026-09-29T22:26:06.370-0400][9.449s][info][gc,marking  ] GC(17) Concurrent Preclean 0.610ms
[2026-09-29T22:26:06.370-0400][9.449s][info][gc,start    ] GC(17) Pause Remark
[2026-09-29T22:26:06.379-0400][9.458s][info][gc          ] GC(17) Pause Remark 65M->65M(168M) 8.471ms
[2026-09-29T22:26:06.379-0400][9.458s][info][gc,cpu      ] GC(17) User=0.06s Sys=0.01s Real=0.00s
[2026-09-29T22:26:06.379-0400][9.458s][info][safepoint   ] Safepoint "G1PauseRemark", Time since last: 23821744 ns, Reaching safepoint: 151666 ns, Cleanup: 27672 ns, At safepoint: 8714547 ns, Total: 8893885 ns
[2026-09-29T22:26:06.379-0400][9.458s][info][gc,marking  ] GC(17) Concurrent Mark 63.390ms
[2026-09-29T22:26:06.379-0400][9.458s][info][gc,marking  ] GC(17) Concurrent Rebuild Remembered Sets
[2026-09-29T22:26:06.406-0400][9.485s][info][gc,marking  ] GC(17) Concurrent Rebuild Remembered Sets 27.452ms
[2026-09-29T22:26:06.407-0400][9.486s][info][gc,start    ] GC(17) Pause Cleanup
[2026-09-29T22:26:06.407-0400][9.486s][info][gc          ] GC(17) Pause Cleanup 66M->66M(168M) 0.168ms
[2026-09-29T22:26:06.407-0400][9.486s][info][gc,cpu      ] GC(17) User=0.01s Sys=0.00s Real=0.00s
[2026-09-29T22:26:06.407-0400][9.486s][info][safepoint   ] Safepoint "G1PauseCleanup", Time since last: 27700616 ns, Reaching safepoint: 16473 ns, Cleanup: 5359 ns, At safepoint: 278651 ns, Total: 300483 ns
[2026-09-29T22:26:06.407-0400][9.486s][info][gc,marking  ] GC(17) Concurrent Cleanup for Next Mark
[2026-09-29T22:26:06.407-0400][9.486s][info][gc,marking  ] GC(17) Concurrent Cleanup for Next Mark 0.541ms
[2026-09-29T22:26:06.407-0400][9.487s][info][gc          ] GC(17) Concurrent Mark Cycle 97.035ms
[2026-09-29T22:26:07.144-0400][10.223s][info][gc,start    ] GC(18) Pause Young (Concurrent Start) (G1 Evacuation Pause)
[2026-09-29T22:26:07.144-0400][10.223s][info][gc,task     ] GC(18) Using 6 workers of 8 for evacuation
[2026-09-29T22:26:07.158-0400][10.237s][info][gc,phases   ] GC(18)   Pre Evacuate Collection Set: 0.26ms
[2026-09-29T22:26:07.158-0400][10.237s][info][gc,phases   ] GC(18)   Merge Heap Roots: 0.23ms
[2026-09-29T22:26:07.158-0400][10.237s][info][gc,phases   ] GC(18)   Evacuate Collection Set: 9.48ms
[2026-09-29T22:26:07.158-0400][10.237s][info][gc,phases   ] GC(18)   Post Evacuate Collection Set: 4.38ms
[2026-09-29T22:26:07.158-0400][10.237s][info][gc,phases   ] GC(18)   Other: 0.26ms
[2026-09-29T22:26:07.158-0400][10.237s][info][gc,heap     ] GC(18) Eden regions: 6->0(5)
[2026-09-29T22:26:07.158-0400][10.237s][info][gc,heap     ] GC(18) Survivor regions: 1->1(1)
[2026-09-29T22:26:07.158-0400][10.237s][info][gc,heap     ] GC(18) Old regions: 7->8
[2026-09-29T22:26:07.158-0400][10.237s][info][gc,heap     ] GC(18) Archive regions: 2->2
[2026-09-29T22:26:07.158-0400][10.237s][info][gc,heap     ] GC(18) Humongous regions: 0->0
[2026-09-29T22:26:07.158-0400][10.237s][info][gc,metaspace] GC(18) Metaspace: 57831K(60288K)->57831K(60288K) NonClass: 51491K(52992K)->51491K(52992K) Class: 6339K(7296K)->6339K(7296K)
[2026-09-29T22:26:07.158-0400][10.237s][info][gc          ] GC(18) Pause Young (Concurrent Start) (G1 Evacuation Pause) 112M->68M(168M) 14.774ms
[2026-09-29T22:26:07.158-0400][10.237s][info][gc,cpu      ] GC(18) User=0.06s Sys=0.00s Real=0.01s
[2026-09-29T22:26:07.160-0400][10.239s][info][gc          ] GC(19) Concurrent Mark Cycle
[2026-09-29T22:26:07.160-0400][10.239s][info][gc,marking  ] GC(19) Concurrent Clear Claimed Marks
[2026-09-29T22:26:07.160-0400][10.239s][info][gc,marking  ] GC(19) Concurrent Clear Claimed Marks 0.108ms
[2026-09-29T22:26:07.160-0400][10.239s][info][gc,marking  ] GC(19) Concurrent Scan Root Regions
[2026-09-29T22:26:07.164-0400][10.243s][info][safepoint   ] Safepoint "G1CollectForAllocation", Time since last: 736533743 ns, Reaching safepoint: 39325 ns, Cleanup: 205513 ns, At safepoint: 20037474 ns, Total: 20282312 ns
[2026-09-29T22:26:07.174-0400][10.253s][info][gc,marking  ] GC(19) Concurrent Scan Root Regions 13.219ms
[2026-09-29T22:26:07.174-0400][10.253s][info][gc,marking  ] GC(19) Concurrent Mark
[2026-09-29T22:26:07.174-0400][10.253s][info][gc,marking  ] GC(19) Concurrent Mark From Roots
[2026-09-29T22:26:07.174-0400][10.253s][info][gc,task     ] GC(19) Using 2 workers of 2 for marking
[2026-09-29T22:26:07.288-0400][10.367s][info][gc,marking  ] GC(19) Concurrent Mark From Roots 114.579ms
[2026-09-29T22:26:07.288-0400][10.367s][info][gc,marking  ] GC(19) Concurrent Preclean
[2026-09-29T22:26:07.291-0400][10.370s][info][gc,marking  ] GC(19) Concurrent Preclean 2.697ms
[2026-09-29T22:26:07.292-0400][10.371s][info][gc,start    ] GC(19) Pause Remark
[2026-09-29T22:26:07.308-0400][10.387s][info][gc          ] GC(19) Pause Remark 76M->76M(168M) 16.222ms
[2026-09-29T22:26:07.308-0400][10.387s][info][gc,cpu      ] GC(19) User=0.06s Sys=0.01s Real=0.02s
[2026-09-29T22:26:07.309-0400][10.388s][info][safepoint   ] Safepoint "G1PauseRemark", Time since last: 127928204 ns, Reaching safepoint: 134304 ns, Cleanup: 19364 ns, At safepoint: 17577631 ns, Total: 17731299 ns
[2026-09-29T22:26:07.310-0400][10.389s][info][gc,marking  ] GC(19) Concurrent Mark 135.945ms
[2026-09-29T22:26:07.310-0400][10.389s][info][gc,marking  ] GC(19) Concurrent Rebuild Remembered Sets
[2026-09-29T22:26:07.349-0400][10.428s][info][gc,marking  ] GC(19) Concurrent Rebuild Remembered Sets 39.733ms
[2026-09-29T22:26:07.350-0400][10.429s][info][gc,start    ] GC(19) Pause Cleanup
[2026-09-29T22:26:07.351-0400][10.430s][info][gc          ] GC(19) Pause Cleanup 81M->81M(168M) 0.462ms
[2026-09-29T22:26:07.351-0400][10.430s][info][gc,cpu      ] GC(19) User=0.00s Sys=0.00s Real=0.00s
[2026-09-29T22:26:07.351-0400][10.430s][info][safepoint   ] Safepoint "G1PauseCleanup", Time since last: 40165150 ns, Reaching safepoint: 729983 ns, Cleanup: 12717 ns, At safepoint: 642849 ns, Total: 1385549 ns
[2026-09-29T22:26:07.351-0400][10.430s][info][gc,marking  ] GC(19) Concurrent Cleanup for Next Mark
[2026-09-29T22:26:07.351-0400][10.431s][info][gc,marking  ] GC(19) Concurrent Cleanup for Next Mark 0.606ms
[2026-09-29T22:26:07.351-0400][10.431s][info][gc          ] GC(19) Concurrent Mark Cycle 191.297ms
[2026-09-29T22:26:07.525-0400][10.604s][info][gc,start    ] GC(20) Pause Young (Normal) (G1 Evacuation Pause)
[2026-09-29T22:26:07.525-0400][10.604s][info][gc,task     ] GC(20) Using 6 workers of 8 for evacuation
[2026-09-29T22:26:07.535-0400][10.614s][info][gc,phases   ] GC(20)   Pre Evacuate Collection Set: 0.16ms
[2026-09-29T22:26:07.535-0400][10.614s][info][gc,phases   ] GC(20)   Merge Heap Roots: 0.09ms
[2026-09-29T22:26:07.535-0400][10.614s][info][gc,phases   ] GC(20)   Evacuate Collection Set: 4.40ms
[2026-09-29T22:26:07.535-0400][10.614s][info][gc,phases   ] GC(20)   Post Evacuate Collection Set: 5.11ms
[2026-09-29T22:26:07.535-0400][10.614s][info][gc,phases   ] GC(20)   Other: 0.20ms
[2026-09-29T22:26:07.535-0400][10.614s][info][gc,heap     ] GC(20) Eden regions: 5->0(5)
[2026-09-29T22:26:07.535-0400][10.614s][info][gc,heap     ] GC(20) Survivor regions: 1->1(1)
[2026-09-29T22:26:07.535-0400][10.614s][info][gc,heap     ] GC(20) Old regions: 8->8
[2026-09-29T22:26:07.535-0400][10.614s][info][gc,heap     ] GC(20) Archive regions: 2->2
[2026-09-29T22:26:07.535-0400][10.614s][info][gc,heap     ] GC(20) Humongous regions: 0->0
[2026-09-29T22:26:07.535-0400][10.614s][info][gc,metaspace] GC(20) Metaspace: 57945K(60352K)->57945K(60352K) NonClass: 51605K(53056K)->51605K(53056K) Class: 6339K(7296K)->6339K(7296K)
[2026-09-29T22:26:07.535-0400][10.614s][info][gc          ] GC(20) Pause Young (Normal) (G1 Evacuation Pause) 108M->75M(168M) 10.023ms
[2026-09-29T22:26:07.535-0400][10.614s][info][gc,cpu      ] GC(20) User=0.04s Sys=0.00s Real=0.01s
[2026-09-29T22:26:07.535-0400][10.614s][info][safepoint   ] Safepoint "G1CollectForAllocation", Time since last: 173794384 ns, Reaching safepoint: 15744 ns, Cleanup: 72114 ns, At safepoint: 10180409 ns, Total: 10268267 ns
[2026-09-29T22:26:07.708-0400][10.787s][info][safepoint   ] Safepoint "ClassLoaderStatsOperation", Time since last: 170195981 ns, Reaching safepoint: 148221 ns, Cleanup: 48908 ns, At safepoint: 2378881 ns, Total: 2576010 ns
[2026-09-29T22:26:07.912-0400][10.991s][info][gc,start    ] GC(21) Pause Young (Concurrent Start) (G1 Evacuation Pause)
[2026-09-29T22:26:07.912-0400][10.991s][info][gc,task     ] GC(21) Using 6 workers of 8 for evacuation
[2026-09-29T22:26:07.933-0400][11.012s][info][gc,phases   ] GC(21)   Pre Evacuate Collection Set: 3.61ms
[2026-09-29T22:26:07.933-0400][11.012s][info][gc,phases   ] GC(21)   Merge Heap Roots: 0.08ms
[2026-09-29T22:26:07.933-0400][11.012s][info][gc,phases   ] GC(21)   Evacuate Collection Set: 8.80ms
[2026-09-29T22:26:07.933-0400][11.012s][info][gc,phases   ] GC(21)   Post Evacuate Collection Set: 8.91ms
[2026-09-29T22:26:07.933-0400][11.012s][info][gc,phases   ] GC(21)   Other: 0.21ms
[2026-09-29T22:26:07.933-0400][11.012s][info][gc,heap     ] GC(21) Eden regions: 5->0(4)
[2026-09-29T22:26:07.933-0400][11.012s][info][gc,heap     ] GC(21) Survivor regions: 1->1(1)
[2026-09-29T22:26:07.933-0400][11.012s][info][gc,heap     ] GC(21) Old regions: 8->9
[2026-09-29T22:26:07.933-0400][11.012s][info][gc,heap     ] GC(21) Archive regions: 2->2
[2026-09-29T22:26:07.933-0400][11.012s][info][gc,heap     ] GC(21) Humongous regions: 0->0
[2026-09-29T22:26:07.933-0400][11.012s][info][gc,metaspace] GC(21) Metaspace: 58766K(61184K)->58766K(61184K) NonClass: 52323K(53760K)->52323K(53760K) Class: 6442K(7424K)->6442K(7424K)
[2026-09-29T22:26:07.933-0400][11.012s][info][gc          ] GC(21) Pause Young (Concurrent Start) (G1 Evacuation Pause) 115M->76M(168M) 21.700ms
[2026-09-29T22:26:07.933-0400][11.012s][info][gc,cpu      ] GC(21) User=0.06s Sys=0.02s Real=0.02s
[2026-09-29T22:26:07.933-0400][11.013s][info][safepoint   ] Safepoint "G1CollectForAllocation", Time since last: 203883860 ns, Reaching safepoint: 16555 ns, Cleanup: 50923 ns, At safepoint: 21831445 ns, Total: 21898923 ns
[2026-09-29T22:26:07.933-0400][11.013s][info][gc          ] GC(22) Concurrent Mark Cycle
[2026-09-29T22:26:07.933-0400][11.013s][info][gc,marking  ] GC(22) Concurrent Clear Claimed Marks
[2026-09-29T22:26:07.934-0400][11.013s][info][gc,marking  ] GC(22) Concurrent Clear Claimed Marks 0.104ms
[2026-09-29T22:26:07.934-0400][11.013s][info][gc,marking  ] GC(22) Concurrent Scan Root Regions
[2026-09-29T22:26:07.938-0400][11.017s][info][gc,marking  ] GC(22) Concurrent Scan Root Regions 4.258ms
[2026-09-29T22:26:07.938-0400][11.017s][info][gc,marking  ] GC(22) Concurrent Mark
[2026-09-29T22:26:07.938-0400][11.017s][info][gc,marking  ] GC(22) Concurrent Mark From Roots
[2026-09-29T22:26:07.938-0400][11.017s][info][gc,task     ] GC(22) Using 2 workers of 2 for marking
[2026-09-29T22:26:08.023-0400][11.102s][info][gc,marking  ] GC(22) Concurrent Mark From Roots 85.490ms
[2026-09-29T22:26:08.023-0400][11.103s][info][gc,marking  ] GC(22) Concurrent Preclean
[2026-09-29T22:26:08.024-0400][11.103s][info][gc,marking  ] GC(22) Concurrent Preclean 0.621ms
[2026-09-29T22:26:08.024-0400][11.103s][info][gc,start    ] GC(22) Pause Remark
[2026-09-29T22:26:08.030-0400][11.109s][info][gc          ] GC(22) Pause Remark 82M->82M(168M) 5.611ms
[2026-09-29T22:26:08.030-0400][11.109s][info][gc,cpu      ] GC(22) User=0.02s Sys=0.00s Real=0.01s
[2026-09-29T22:26:08.030-0400][11.109s][info][safepoint   ] Safepoint "G1PauseRemark", Time since last: 90670951 ns, Reaching safepoint: 12856 ns, Cleanup: 18712 ns, At safepoint: 5878018 ns, Total: 5909586 ns
[2026-09-29T22:26:08.030-0400][11.109s][info][gc,marking  ] GC(22) Concurrent Mark 92.186ms
[2026-09-29T22:26:08.030-0400][11.109s][info][gc,marking  ] GC(22) Concurrent Rebuild Remembered Sets
[2026-09-29T22:26:08.058-0400][11.138s][info][gc,marking  ] GC(22) Concurrent Rebuild Remembered Sets 28.364ms
[2026-09-29T22:26:08.059-0400][11.138s][info][gc,start    ] GC(22) Pause Cleanup
[2026-09-29T22:26:08.059-0400][11.138s][info][gc          ] GC(22) Pause Cleanup 83M->83M(168M) 0.216ms
[2026-09-29T22:26:08.059-0400][11.138s][info][gc,cpu      ] GC(22) User=0.00s Sys=0.00s Real=0.00s
[2026-09-29T22:26:08.059-0400][11.138s][info][safepoint   ] Safepoint "G1PauseCleanup", Time since last: 28606610 ns, Reaching safepoint: 13085 ns, Cleanup: 12116 ns, At safepoint: 316750 ns, Total: 341951 ns
[2026-09-29T22:26:08.059-0400][11.138s][info][gc,marking  ] GC(22) Concurrent Cleanup for Next Mark
[2026-09-29T22:26:08.059-0400][11.138s][info][gc,marking  ] GC(22) Concurrent Cleanup for Next Mark 0.265ms
[2026-09-29T22:26:08.059-0400][11.138s][info][gc          ] GC(22) Concurrent Mark Cycle 125.876ms
[2026-09-29T22:26:08.504-0400][11.583s][info][gc,start    ] GC(23) Pause Young (Normal) (G1 Evacuation Pause)
[2026-09-29T22:26:08.504-0400][11.583s][info][gc,task     ] GC(23) Using 6 workers of 8 for evacuation
[2026-09-29T22:26:08.508-0400][11.587s][info][gc,phases   ] GC(23)   Pre Evacuate Collection Set: 0.19ms
[2026-09-29T22:26:08.508-0400][11.588s][info][gc,phases   ] GC(23)   Merge Heap Roots: 0.09ms
[2026-09-29T22:26:08.508-0400][11.588s][info][gc,phases   ] GC(23)   Evacuate Collection Set: 2.88ms
[2026-09-29T22:26:08.508-0400][11.588s][info][gc,phases   ] GC(23)   Post Evacuate Collection Set: 1.16ms
[2026-09-29T22:26:08.508-0400][11.588s][info][gc,phases   ] GC(23)   Other: 0.14ms
[2026-09-29T22:26:08.508-0400][11.588s][info][gc,heap     ] GC(23) Eden regions: 4->0(4)
[2026-09-29T22:26:08.508-0400][11.588s][info][gc,heap     ] GC(23) Survivor regions: 1->1(1)
[2026-09-29T22:26:08.508-0400][11.588s][info][gc,heap     ] GC(23) Old regions: 9->9
[2026-09-29T22:26:08.508-0400][11.588s][info][gc,heap     ] GC(23) Archive regions: 2->2
[2026-09-29T22:26:08.508-0400][11.588s][info][gc,heap     ] GC(23) Humongous regions: 0->0
[2026-09-29T22:26:08.508-0400][11.588s][info][gc,metaspace] GC(23) Metaspace: 64327K(66880K)->64327K(66880K) NonClass: 57179K(58752K)->57179K(58752K) Class: 7147K(8128K)->7147K(8128K)
[2026-09-29T22:26:08.509-0400][11.588s][info][gc          ] GC(23) Pause Young (Normal) (G1 Evacuation Pause) 108M->76M(168M) 4.561ms
[2026-09-29T22:26:08.509-0400][11.588s][info][gc,cpu      ] GC(23) User=0.02s Sys=0.00s Real=0.01s
[2026-09-29T22:26:08.509-0400][11.588s][info][safepoint   ] Safepoint "G1CollectForAllocation", Time since last: 444849786 ns, Reaching safepoint: 11114 ns, Cleanup: 106809 ns, At safepoint: 4719302 ns, Total: 4837225 ns
[2026-09-29T22:26:09.033-0400][12.112s][info][gc,start    ] GC(24) Pause Young (Concurrent Start) (G1 Evacuation Pause)
[2026-09-29T22:26:09.033-0400][12.112s][info][gc,task     ] GC(24) Using 6 workers of 8 for evacuation
[2026-09-29T22:26:09.036-0400][12.115s][info][gc,phases   ] GC(24)   Pre Evacuate Collection Set: 0.23ms
[2026-09-29T22:26:09.036-0400][12.115s][info][gc,phases   ] GC(24)   Merge Heap Roots: 0.13ms
[2026-09-29T22:26:09.036-0400][12.115s][info][gc,phases   ] GC(24)   Evacuate Collection Set: 2.34ms
[2026-09-29T22:26:09.036-0400][12.115s][info][gc,phases   ] GC(24)   Post Evacuate Collection Set: 0.92ms
[2026-09-29T22:26:09.036-0400][12.115s][info][gc,phases   ] GC(24)   Other: 0.16ms
[2026-09-29T22:26:09.036-0400][12.115s][info][gc,heap     ] GC(24) Eden regions: 4->0(4)
[2026-09-29T22:26:09.036-0400][12.115s][info][gc,heap     ] GC(24) Survivor regions: 1->1(1)
[2026-09-29T22:26:09.036-0400][12.115s][info][gc,heap     ] GC(24) Old regions: 9->9
[2026-09-29T22:26:09.036-0400][12.115s][info][gc,heap     ] GC(24) Archive regions: 2->2
[2026-09-29T22:26:09.036-0400][12.115s][info][gc,heap     ] GC(24) Humongous regions: 0->0
[2026-09-29T22:26:09.036-0400][12.115s][info][gc,metaspace] GC(24) Metaspace: 73271K(75840K)->73271K(75840K) NonClass: 64976K(66560K)->64976K(66560K) Class: 8295K(9280K)->8295K(9280K)
[2026-09-29T22:26:09.036-0400][12.115s][info][gc          ] GC(24) Pause Young (Concurrent Start) (G1 Evacuation Pause) 108M->77M(168M) 3.841ms
[2026-09-29T22:26:09.036-0400][12.116s][info][gc,cpu      ] GC(24) User=0.01s Sys=0.00s Real=0.00s
[2026-09-29T22:26:09.036-0400][12.116s][info][gc          ] GC(25) Concurrent Mark Cycle
[2026-09-29T22:26:09.036-0400][12.116s][info][gc,marking  ] GC(25) Concurrent Clear Claimed Marks
[2026-09-29T22:26:09.037-0400][12.116s][info][safepoint   ] Safepoint "G1CollectForAllocation", Time since last: 523573691 ns, Reaching safepoint: 10184 ns, Cleanup: 313040 ns, At safepoint: 3989895 ns, Total: 4313119 ns
[2026-09-29T22:26:09.037-0400][12.116s][info][gc,marking  ] GC(25) Concurrent Clear Claimed Marks 0.091ms
[2026-09-29T22:26:09.037-0400][12.116s][info][gc,marking  ] GC(25) Concurrent Scan Root Regions
[2026-09-29T22:26:09.038-0400][12.118s][info][gc,marking  ] GC(25) Concurrent Scan Root Regions 1.838ms
[2026-09-29T22:26:09.038-0400][12.118s][info][gc,marking  ] GC(25) Concurrent Mark
[2026-09-29T22:26:09.038-0400][12.118s][info][gc,marking  ] GC(25) Concurrent Mark From Roots
[2026-09-29T22:26:09.038-0400][12.118s][info][gc,task     ] GC(25) Using 2 workers of 2 for marking
[2026-09-29T22:26:09.096-0400][12.175s][info][gc,marking  ] GC(25) Concurrent Mark From Roots 57.699ms
[2026-09-29T22:26:09.096-0400][12.175s][info][gc,marking  ] GC(25) Concurrent Preclean
[2026-09-29T22:26:09.098-0400][12.177s][info][gc,marking  ] GC(25) Concurrent Preclean 1.733ms
[2026-09-29T22:26:09.098-0400][12.177s][info][gc,start    ] GC(25) Pause Remark
[2026-09-29T22:26:09.107-0400][12.186s][info][gc          ] GC(25) Pause Remark 98M->98M(168M) 8.667ms
[2026-09-29T22:26:09.107-0400][12.186s][info][gc,cpu      ] GC(25) User=0.04s Sys=0.00s Real=0.01s
[2026-09-29T22:26:09.107-0400][12.186s][info][safepoint   ] Safepoint "G1PauseRemark", Time since last: 61649692 ns, Reaching safepoint: 129347 ns, Cleanup: 31697 ns, At safepoint: 8863192 ns, Total: 9024236 ns
[2026-09-29T22:26:09.107-0400][12.186s][info][gc,marking  ] GC(25) Concurrent Mark 68.772ms
[2026-09-29T22:26:09.107-0400][12.186s][info][gc,marking  ] GC(25) Concurrent Rebuild Remembered Sets
[2026-09-29T22:26:09.137-0400][12.216s][info][gc,marking  ] GC(25) Concurrent Rebuild Remembered Sets 29.838ms
[2026-09-29T22:26:09.137-0400][12.216s][info][gc,start    ] GC(25) Pause Cleanup
[2026-09-29T22:26:09.138-0400][12.217s][info][gc          ] GC(25) Pause Cleanup 100M->100M(168M) 0.211ms
[2026-09-29T22:26:09.138-0400][12.217s][info][gc,cpu      ] GC(25) User=0.00s Sys=0.00s Real=0.00s
[2026-09-29T22:26:09.138-0400][12.217s][info][safepoint   ] Safepoint "G1PauseCleanup", Time since last: 30096271 ns, Reaching safepoint: 14953 ns, Cleanup: 18027 ns, At safepoint: 299172 ns, Total: 332152 ns
[2026-09-29T22:26:09.138-0400][12.217s][info][gc,marking  ] GC(25) Concurrent Cleanup for Next Mark
[2026-09-29T22:26:09.138-0400][12.217s][info][gc,marking  ] GC(25) Concurrent Cleanup for Next Mark 0.355ms
[2026-09-29T22:26:09.138-0400][12.217s][info][gc          ] GC(25) Concurrent Mark Cycle 101.601ms
[2026-09-29T22:26:09.305-0400][12.384s][info][gc,start    ] GC(26) Pause Young (Prepare Mixed) (G1 Evacuation Pause)
[2026-09-29T22:26:09.305-0400][12.384s][info][gc,task     ] GC(26) Using 6 workers of 8 for evacuation
[2026-09-29T22:26:09.308-0400][12.388s][info][gc,phases   ] GC(26)   Pre Evacuate Collection Set: 0.19ms
[2026-09-29T22:26:09.308-0400][12.388s][info][gc,phases   ] GC(26)   Merge Heap Roots: 0.15ms
[2026-09-29T22:26:09.308-0400][12.388s][info][gc,phases   ] GC(26)   Evacuate Collection Set: 1.56ms
[2026-09-29T22:26:09.308-0400][12.388s][info][gc,phases   ] GC(26)   Post Evacuate Collection Set: 1.51ms
[2026-09-29T22:26:09.308-0400][12.388s][info][gc,phases   ] GC(26)   Other: 0.14ms
[2026-09-29T22:26:09.308-0400][12.388s][info][gc,heap     ] GC(26) Eden regions: 4->0(1)
[2026-09-29T22:26:09.308-0400][12.388s][info][gc,heap     ] GC(26) Survivor regions: 1->1(1)
[2026-09-29T22:26:09.308-0400][12.388s][info][gc,heap     ] GC(26) Old regions: 9->9
[2026-09-29T22:26:09.308-0400][12.388s][info][gc,heap     ] GC(26) Archive regions: 2->2
[2026-09-29T22:26:09.308-0400][12.388s][info][gc,heap     ] GC(26) Humongous regions: 0->0
[2026-09-29T22:26:09.308-0400][12.388s][info][gc,metaspace] GC(26) Metaspace: 75712K(78272K)->75712K(78272K) NonClass: 67142K(68736K)->67142K(68736K) Class: 8570K(9536K)->8570K(9536K)
[2026-09-29T22:26:09.308-0400][12.388s][info][gc          ] GC(26) Pause Young (Prepare Mixed) (G1 Evacuation Pause) 109M->76M(168M) 3.609ms
[2026-09-29T22:26:09.309-0400][12.388s][info][gc,cpu      ] GC(26) User=0.02s Sys=0.01s Real=0.01s
[2026-09-29T22:26:09.309-0400][12.388s][info][safepoint   ] Safepoint "G1CollectForAllocation", Time since last: 167167680 ns, Reaching safepoint: 11703 ns, Cleanup: 54873 ns, At safepoint: 3734609 ns, Total: 3801185 ns
[2026-09-29T22:26:09.359-0400][12.438s][info][gc,start    ] GC(27) Pause Young (Mixed) (G1 Evacuation Pause)
[2026-09-29T22:26:09.359-0400][12.438s][info][gc,task     ] GC(27) Using 6 workers of 8 for evacuation
[2026-09-29T22:26:09.364-0400][12.443s][info][gc,phases   ] GC(27)   Pre Evacuate Collection Set: 0.22ms
[2026-09-29T22:26:09.364-0400][12.443s][info][gc,phases   ] GC(27)   Merge Heap Roots: 0.15ms
[2026-09-29T22:26:09.364-0400][12.443s][info][gc,phases   ] GC(27)   Evacuate Collection Set: 4.36ms
[2026-09-29T22:26:09.364-0400][12.443s][info][gc,phases   ] GC(27)   Post Evacuate Collection Set: 0.76ms
[2026-09-29T22:26:09.364-0400][12.443s][info][gc,phases   ] GC(27)   Other: 0.14ms
[2026-09-29T22:26:09.364-0400][12.443s][info][gc,heap     ] GC(27) Eden regions: 1->0(4)
[2026-09-29T22:26:09.364-0400][12.443s][info][gc,heap     ] GC(27) Survivor regions: 1->1(1)
[2026-09-29T22:26:09.364-0400][12.443s][info][gc,heap     ] GC(27) Old regions: 9->9
[2026-09-29T22:26:09.364-0400][12.443s][info][gc,heap     ] GC(27) Archive regions: 2->2
[2026-09-29T22:26:09.364-0400][12.443s][info][gc,heap     ] GC(27) Humongous regions: 0->0
[2026-09-29T22:26:09.364-0400][12.443s][info][gc,metaspace] GC(27) Metaspace: 76017K(78592K)->76017K(78592K) NonClass: 67408K(68992K)->67408K(68992K) Class: 8608K(9600K)->8608K(9600K)
[2026-09-29T22:26:09.364-0400][12.443s][info][gc          ] GC(27) Pause Young (Mixed) (G1 Evacuation Pause) 84M->77M(168M) 5.686ms
[2026-09-29T22:26:09.364-0400][12.443s][info][gc,cpu      ] GC(27) User=0.03s Sys=0.01s Real=0.01s
[2026-09-29T22:26:09.364-0400][12.443s][info][safepoint   ] Safepoint "G1CollectForAllocation", Time since last: 49929029 ns, Reaching safepoint: 12123 ns, Cleanup: 20608 ns, At safepoint: 5809533 ns, Total: 5842264 ns
[2026-09-29T22:26:09.515-0400][12.594s][info][gc,start    ] GC(28) Pause Young (Concurrent Start) (G1 Evacuation Pause)
[2026-09-29T22:26:09.515-0400][12.594s][info][gc,task     ] GC(28) Using 6 workers of 8 for evacuation
[2026-09-29T22:26:09.520-0400][12.599s][info][gc,phases   ] GC(28)   Pre Evacuate Collection Set: 0.31ms
[2026-09-29T22:26:09.520-0400][12.599s][info][gc,phases   ] GC(28)   Merge Heap Roots: 0.14ms
[2026-09-29T22:26:09.520-0400][12.599s][info][gc,phases   ] GC(28)   Evacuate Collection Set: 2.53ms
[2026-09-29T22:26:09.520-0400][12.599s][info][gc,phases   ] GC(28)   Post Evacuate Collection Set: 1.85ms
[2026-09-29T22:26:09.520-0400][12.599s][info][gc,phases   ] GC(28)   Other: 0.16ms
[2026-09-29T22:26:09.520-0400][12.599s][info][gc,heap     ] GC(28) Eden regions: 4->0(12)
[2026-09-29T22:26:09.520-0400][12.599s][info][gc,heap     ] GC(28) Survivor regions: 1->1(1)
[2026-09-29T22:26:09.520-0400][12.599s][info][gc,heap     ] GC(28) Old regions: 9->9
[2026-09-29T22:26:09.520-0400][12.599s][info][gc,heap     ] GC(28) Archive regions: 2->2
[2026-09-29T22:26:09.520-0400][12.599s][info][gc,heap     ] GC(28) Humongous regions: 0->0
[2026-09-29T22:26:09.520-0400][12.599s][info][gc,metaspace] GC(28) Metaspace: 76232K(78848K)->76232K(78848K) NonClass: 67589K(69184K)->67589K(69184K) Class: 8642K(9664K)->8642K(9664K)
[2026-09-29T22:26:09.520-0400][12.599s][info][gc          ] GC(28) Pause Young (Concurrent Start) (G1 Evacuation Pause) 109M->82M(256M) 5.054ms
[2026-09-29T22:26:09.520-0400][12.599s][info][gc,cpu      ] GC(28) User=0.04s Sys=0.00s Real=0.01s
[2026-09-29T22:26:09.520-0400][12.599s][info][gc          ] GC(29) Concurrent Mark Cycle
[2026-09-29T22:26:09.520-0400][12.599s][info][gc,marking  ] GC(29) Concurrent Clear Claimed Marks
[2026-09-29T22:26:09.520-0400][12.599s][info][safepoint   ] Safepoint "G1CollectForAllocation", Time since last: 150400334 ns, Reaching safepoint: 17935 ns, Cleanup: 70927 ns, At safepoint: 5240162 ns, Total: 5329024 ns
[2026-09-29T22:26:09.520-0400][12.599s][info][gc,marking  ] GC(29) Concurrent Clear Claimed Marks 0.095ms
[2026-09-29T22:26:09.520-0400][12.599s][info][gc,marking  ] GC(29) Concurrent Scan Root Regions
[2026-09-29T22:26:09.523-0400][12.602s][info][gc,marking  ] GC(29) Concurrent Scan Root Regions 2.887ms
[2026-09-29T22:26:09.523-0400][12.602s][info][gc,marking  ] GC(29) Concurrent Mark
[2026-09-29T22:26:09.523-0400][12.602s][info][gc,marking  ] GC(29) Concurrent Mark From Roots
[2026-09-29T22:26:09.523-0400][12.602s][info][gc,task     ] GC(29) Using 2 workers of 2 for marking
[2026-09-29T22:26:09.587-0400][12.667s][info][gc,marking  ] GC(29) Concurrent Mark From Roots 64.318ms
[2026-09-29T22:26:09.587-0400][12.667s][info][gc,marking  ] GC(29) Concurrent Preclean
[2026-09-29T22:26:09.588-0400][12.667s][info][gc,marking  ] GC(29) Concurrent Preclean 0.452ms
[2026-09-29T22:26:09.588-0400][12.667s][info][gc,start    ] GC(29) Pause Remark
[2026-09-29T22:26:09.594-0400][12.673s][info][gc,heap     ] GC(29) Heap shrink completed: uncommitted 4 regions (32MB), heap size now 224MB
[2026-09-29T22:26:09.594-0400][12.673s][info][gc          ] GC(29) Pause Remark 96M->96M(224M) 5.540ms
[2026-09-29T22:26:09.594-0400][12.673s][info][gc,cpu      ] GC(29) User=0.03s Sys=0.00s Real=0.00s
[2026-09-29T22:26:09.594-0400][12.673s][info][safepoint   ] Safepoint "G1PauseRemark", Time since last: 67963643 ns, Reaching safepoint: 15711 ns, Cleanup: 60848 ns, At safepoint: 5662162 ns, Total: 5738721 ns
[2026-09-29T22:26:09.594-0400][12.673s][info][gc,marking  ] GC(29) Concurrent Mark 70.712ms
[2026-09-29T22:26:09.594-0400][12.673s][info][gc,marking  ] GC(29) Concurrent Rebuild Remembered Sets
[2026-09-29T22:26:09.624-0400][12.703s][info][gc,marking  ] GC(29) Concurrent Rebuild Remembered Sets 30.426ms
[2026-09-29T22:26:09.625-0400][12.704s][info][gc,start    ] GC(29) Pause Cleanup
[2026-09-29T22:26:09.625-0400][12.704s][info][gc          ] GC(29) Pause Cleanup 102M->102M(224M) 0.211ms
[2026-09-29T22:26:09.625-0400][12.704s][info][gc,cpu      ] GC(29) User=0.00s Sys=0.00s Real=0.00s
[2026-09-29T22:26:09.625-0400][12.704s][info][safepoint   ] Safepoint "G1PauseCleanup", Time since last: 30602526 ns, Reaching safepoint: 118435 ns, Cleanup: 15731 ns, At safepoint: 291885 ns, Total: 426051 ns
[2026-09-29T22:26:09.625-0400][12.704s][info][gc,marking  ] GC(29) Concurrent Cleanup for Next Mark
[2026-09-29T22:26:09.626-0400][12.705s][info][gc,marking  ] GC(29) Concurrent Cleanup for Next Mark 0.696ms
[2026-09-29T22:26:09.626-0400][12.705s][info][gc          ] GC(29) Concurrent Mark Cycle 105.546ms
[2026-09-29T22:26:09.915-0400][12.995s][info][gc,start    ] GC(30) Pause Young (Normal) (G1 Evacuation Pause)
[2026-09-29T22:26:09.916-0400][12.995s][info][gc,task     ] GC(30) Using 6 workers of 8 for evacuation
[2026-09-29T22:26:09.922-0400][13.001s][info][gc,phases   ] GC(30)   Pre Evacuate Collection Set: 0.17ms
[2026-09-29T22:26:09.922-0400][13.001s][info][gc,phases   ] GC(30)   Merge Heap Roots: 0.13ms
[2026-09-29T22:26:09.922-0400][13.001s][info][gc,phases   ] GC(30)   Evacuate Collection Set: 3.10ms
[2026-09-29T22:26:09.922-0400][13.001s][info][gc,phases   ] GC(30)   Post Evacuate Collection Set: 3.16ms
[2026-09-29T22:26:09.922-0400][13.001s][info][gc,phases   ] GC(30)   Other: 0.18ms
[2026-09-29T22:26:09.922-0400][13.001s][info][gc,heap     ] GC(30) Eden regions: 12->0(7)
[2026-09-29T22:26:09.922-0400][13.001s][info][gc,heap     ] GC(30) Survivor regions: 1->2(2)
[2026-09-29T22:26:09.922-0400][13.001s][info][gc,heap     ] GC(30) Old regions: 9->10
[2026-09-29T22:26:09.922-0400][13.001s][info][gc,heap     ] GC(30) Archive regions: 2->2
[2026-09-29T22:26:09.922-0400][13.001s][info][gc,heap     ] GC(30) Humongous regions: 0->0
[2026-09-29T22:26:09.922-0400][13.001s][info][gc,metaspace] GC(30) Metaspace: 76259K(78848K)->76259K(78848K) NonClass: 67616K(69184K)->67616K(69184K) Class: 8642K(9664K)->8642K(9664K)
[2026-09-29T22:26:09.922-0400][13.001s][info][gc          ] GC(30) Pause Young (Normal) (G1 Evacuation Pause) 178M->95M(224M) 6.828ms
[2026-09-29T22:26:09.922-0400][13.001s][info][gc,cpu      ] GC(30) User=0.04s Sys=0.00s Real=0.01s
[2026-09-29T22:26:09.922-0400][13.001s][info][safepoint   ] Safepoint "G1CollectForAllocation", Time since last: 290566569 ns, Reaching safepoint: 11987 ns, Cleanup: 32781 ns, At safepoint: 6968268 ns, Total: 7013036 ns
[2026-09-29T22:26:10.170-0400][13.249s][info][gc,start    ] GC(31) Pause Young (Normal) (G1 Evacuation Pause)
[2026-09-29T22:26:10.170-0400][13.249s][info][gc,task     ] GC(31) Using 6 workers of 8 for evacuation
[2026-09-29T22:26:10.175-0400][13.254s][info][gc,phases   ] GC(31)   Pre Evacuate Collection Set: 0.18ms
[2026-09-29T22:26:10.175-0400][13.254s][info][gc,phases   ] GC(31)   Merge Heap Roots: 0.16ms
[2026-09-29T22:26:10.175-0400][13.254s][info][gc,phases   ] GC(31)   Evacuate Collection Set: 3.12ms
[2026-09-29T22:26:10.175-0400][13.254s][info][gc,phases   ] GC(31)   Post Evacuate Collection Set: 1.27ms
[2026-09-29T22:26:10.175-0400][13.254s][info][gc,phases   ] GC(31)   Other: 0.14ms
[2026-09-29T22:26:10.175-0400][13.254s][info][gc,heap     ] GC(31) Eden regions: 7->0(8)
[2026-09-29T22:26:10.175-0400][13.254s][info][gc,heap     ] GC(31) Survivor regions: 2->1(2)
[2026-09-29T22:26:10.175-0400][13.254s][info][gc,heap     ] GC(31) Old regions: 10->11
[2026-09-29T22:26:10.175-0400][13.254s][info][gc,heap     ] GC(31) Archive regions: 2->2
[2026-09-29T22:26:10.175-0400][13.254s][info][gc,heap     ] GC(31) Humongous regions: 0->0
[2026-09-29T22:26:10.175-0400][13.254s][info][gc,metaspace] GC(31) Metaspace: 77179K(79872K)->77179K(79872K) NonClass: 68372K(70016K)->68372K(70016K) Class: 8806K(9856K)->8806K(9856K)
[2026-09-29T22:26:10.175-0400][13.254s][info][gc          ] GC(31) Pause Young (Normal) (G1 Evacuation Pause) 151M->89M(224M) 4.995ms
[2026-09-29T22:26:10.175-0400][13.254s][info][gc,cpu      ] GC(31) User=0.03s Sys=0.00s Real=0.00s
[2026-09-29T22:26:10.175-0400][13.255s][info][safepoint   ] Safepoint "G1CollectForAllocation", Time since last: 247837170 ns, Reaching safepoint: 12164 ns, Cleanup: 45228 ns, At safepoint: 5119527 ns, Total: 5176919 ns
[2026-09-29T22:26:10.301-0400][13.380s][info][gc,start    ] GC(32) Pause Young (Concurrent Start) (G1 Evacuation Pause)
[2026-09-29T22:26:10.301-0400][13.380s][info][gc,task     ] GC(32) Using 6 workers of 8 for evacuation
[2026-09-29T22:26:10.304-0400][13.383s][info][gc,phases   ] GC(32)   Pre Evacuate Collection Set: 0.32ms
[2026-09-29T22:26:10.304-0400][13.383s][info][gc,phases   ] GC(32)   Merge Heap Roots: 0.15ms
[2026-09-29T22:26:10.304-0400][13.383s][info][gc,phases   ] GC(32)   Evacuate Collection Set: 1.44ms
[2026-09-29T22:26:10.304-0400][13.383s][info][gc,phases   ] GC(32)   Post Evacuate Collection Set: 0.98ms
[2026-09-29T22:26:10.304-0400][13.383s][info][gc,phases   ] GC(32)   Other: 0.18ms
[2026-09-29T22:26:10.304-0400][13.383s][info][gc,heap     ] GC(32) Eden regions: 8->0(8)
[2026-09-29T22:26:10.304-0400][13.383s][info][gc,heap     ] GC(32) Survivor regions: 1->1(2)
[2026-09-29T22:26:10.304-0400][13.383s][info][gc,heap     ] GC(32) Old regions: 11->11
[2026-09-29T22:26:10.304-0400][13.383s][info][gc,heap     ] GC(32) Archive regions: 2->2
[2026-09-29T22:26:10.304-0400][13.383s][info][gc,heap     ] GC(32) Humongous regions: 0->0
[2026-09-29T22:26:10.304-0400][13.383s][info][gc,metaspace] GC(32) Metaspace: 77291K(80000K)->77291K(80000K) NonClass: 68470K(70144K)->68470K(70144K) Class: 8821K(9856K)->8821K(9856K)
[2026-09-29T22:26:10.304-0400][13.383s][info][gc          ] GC(32) Pause Young (Concurrent Start) (G1 Evacuation Pause) 153M->86M(224M) 3.124ms
[2026-09-29T22:26:10.304-0400][13.383s][info][gc,cpu      ] GC(32) User=0.02s Sys=0.00s Real=0.00s
[2026-09-29T22:26:10.304-0400][13.383s][info][gc          ] GC(33) Concurrent Mark Cycle
[2026-09-29T22:26:10.304-0400][13.383s][info][safepoint   ] Safepoint "G1CollectForAllocation", Time since last: 125164856 ns, Reaching safepoint: 14452 ns, Cleanup: 30693 ns, At safepoint: 3271577 ns, Total: 3316722 ns
[2026-09-29T22:26:10.304-0400][13.383s][info][gc,marking  ] GC(33) Concurrent Clear Claimed Marks
[2026-09-29T22:26:10.304-0400][13.383s][info][gc,marking  ] GC(33) Concurrent Clear Claimed Marks 0.163ms
[2026-09-29T22:26:10.304-0400][13.383s][info][gc,marking  ] GC(33) Concurrent Scan Root Regions
[2026-09-29T22:26:10.306-0400][13.385s][info][gc,marking  ] GC(33) Concurrent Scan Root Regions 1.669ms
[2026-09-29T22:26:10.306-0400][13.385s][info][gc,marking  ] GC(33) Concurrent Mark
[2026-09-29T22:26:10.306-0400][13.385s][info][gc,marking  ] GC(33) Concurrent Mark From Roots
[2026-09-29T22:26:10.306-0400][13.385s][info][gc,task     ] GC(33) Using 2 workers of 2 for marking
[2026-09-29T22:26:10.368-0400][13.447s][info][gc,marking  ] GC(33) Concurrent Mark From Roots 62.314ms
[2026-09-29T22:26:10.368-0400][13.447s][info][gc,marking  ] GC(33) Concurrent Preclean
[2026-09-29T22:26:10.369-0400][13.448s][info][gc,marking  ] GC(33) Concurrent Preclean 0.658ms
[2026-09-29T22:26:10.369-0400][13.448s][info][gc,start    ] GC(33) Pause Remark
[2026-09-29T22:26:10.373-0400][13.453s][info][gc          ] GC(33) Pause Remark 116M->116M(224M) 4.186ms
[2026-09-29T22:26:10.373-0400][13.453s][info][gc,cpu      ] GC(33) User=0.02s Sys=0.00s Real=0.00s
[2026-09-29T22:26:10.374-0400][13.453s][info][safepoint   ] Safepoint "G1PauseRemark", Time since last: 65132744 ns, Reaching safepoint: 135814 ns, Cleanup: 25577 ns, At safepoint: 4354263 ns, Total: 4515654 ns
[2026-09-29T22:26:10.374-0400][13.453s][info][gc,marking  ] GC(33) Concurrent Mark 67.839ms
[2026-09-29T22:26:10.374-0400][13.453s][info][gc,marking  ] GC(33) Concurrent Rebuild Remembered Sets
[2026-09-29T22:26:10.408-0400][13.487s][info][gc,marking  ] GC(33) Concurrent Rebuild Remembered Sets 34.323ms
[2026-09-29T22:26:10.408-0400][13.487s][info][gc,start    ] GC(33) Pause Cleanup
[2026-09-29T22:26:10.408-0400][13.487s][info][gc          ] GC(33) Pause Cleanup 124M->124M(224M) 0.223ms
[2026-09-29T22:26:10.408-0400][13.488s][info][gc,cpu      ] GC(33) User=0.00s Sys=0.00s Real=0.00s
[2026-09-29T22:26:10.408-0400][13.488s][info][safepoint   ] Safepoint "G1PauseCleanup", Time since last: 34546093 ns, Reaching safepoint: 15451 ns, Cleanup: 31748 ns, At safepoint: 330533 ns, Total: 377732 ns
[2026-09-29T22:26:10.409-0400][13.488s][info][gc,marking  ] GC(33) Concurrent Cleanup for Next Mark
[2026-09-29T22:26:10.409-0400][13.488s][info][gc,marking  ] GC(33) Concurrent Cleanup for Next Mark 0.631ms
[2026-09-29T22:26:10.409-0400][13.488s][info][gc          ] GC(33) Concurrent Mark Cycle 105.321ms
[2026-09-29T22:26:10.632-0400][13.711s][info][gc,start    ] GC(34) Pause Young (Prepare Mixed) (G1 Evacuation Pause)
[2026-09-29T22:26:10.632-0400][13.711s][info][gc,task     ] GC(34) Using 6 workers of 8 for evacuation
[2026-09-29T22:26:10.636-0400][13.715s][info][gc,phases   ] GC(34)   Pre Evacuate Collection Set: 0.16ms
[2026-09-29T22:26:10.636-0400][13.715s][info][gc,phases   ] GC(34)   Merge Heap Roots: 0.12ms
[2026-09-29T22:26:10.636-0400][13.715s][info][gc,phases   ] GC(34)   Evacuate Collection Set: 1.89ms
[2026-09-29T22:26:10.636-0400][13.715s][info][gc,phases   ] GC(34)   Post Evacuate Collection Set: 1.50ms
[2026-09-29T22:26:10.636-0400][13.715s][info][gc,phases   ] GC(34)   Other: 0.14ms
[2026-09-29T22:26:10.636-0400][13.715s][info][gc,heap     ] GC(34) Eden regions: 8->0(1)
[2026-09-29T22:26:10.636-0400][13.715s][info][gc,heap     ] GC(34) Survivor regions: 1->1(2)
[2026-09-29T22:26:10.636-0400][13.715s][info][gc,heap     ] GC(34) Old regions: 11->11
[2026-09-29T22:26:10.636-0400][13.715s][info][gc,heap     ] GC(34) Archive regions: 2->2
[2026-09-29T22:26:10.636-0400][13.715s][info][gc,heap     ] GC(34) Humongous regions: 0->0
[2026-09-29T22:26:10.636-0400][13.715s][info][gc,metaspace] GC(34) Metaspace: 78525K(81280K)->78525K(81280K) NonClass: 69569K(71296K)->69569K(71296K) Class: 8955K(9984K)->8955K(9984K)
[2026-09-29T22:26:10.636-0400][13.715s][info][gc          ] GC(34) Pause Young (Prepare Mixed) (G1 Evacuation Pause) 150M->89M(224M) 3.866ms
[2026-09-29T22:26:10.636-0400][13.715s][info][gc,cpu      ] GC(34) User=0.02s Sys=0.01s Real=0.00s
[2026-09-29T22:26:10.636-0400][13.715s][info][safepoint   ] Safepoint "G1CollectForAllocation", Time since last: 223108718 ns, Reaching safepoint: 11924 ns, Cleanup: 240908 ns, At safepoint: 4005992 ns, Total: 4258824 ns
[2026-09-29T22:26:10.676-0400][13.755s][info][gc,start    ] GC(35) Pause Young (Mixed) (G1 Evacuation Pause)
[2026-09-29T22:26:10.676-0400][13.755s][info][gc,task     ] GC(35) Using 6 workers of 8 for evacuation
[2026-09-29T22:26:10.681-0400][13.760s][info][gc,phases   ] GC(35)   Pre Evacuate Collection Set: 0.08ms
[2026-09-29T22:26:10.681-0400][13.760s][info][gc,phases   ] GC(35)   Merge Heap Roots: 0.08ms
[2026-09-29T22:26:10.681-0400][13.760s][info][gc,phases   ] GC(35)   Evacuate Collection Set: 3.80ms
[2026-09-29T22:26:10.681-0400][13.760s][info][gc,phases   ] GC(35)   Post Evacuate Collection Set: 1.38ms
[2026-09-29T22:26:10.681-0400][13.760s][info][gc,phases   ] GC(35)   Other: 0.18ms
[2026-09-29T22:26:10.681-0400][13.760s][info][gc,heap     ] GC(35) Eden regions: 1->0(9)
[2026-09-29T22:26:10.681-0400][13.760s][info][gc,heap     ] GC(35) Survivor regions: 1->1(1)
[2026-09-29T22:26:10.681-0400][13.760s][info][gc,heap     ] GC(35) Old regions: 11->10
[2026-09-29T22:26:10.681-0400][13.760s][info][gc,heap     ] GC(35) Archive regions: 2->2
[2026-09-29T22:26:10.681-0400][13.760s][info][gc,heap     ] GC(35) Humongous regions: 0->0
[2026-09-29T22:26:10.681-0400][13.760s][info][gc,metaspace] GC(35) Metaspace: 78869K(81664K)->78869K(81664K) NonClass: 69868K(71616K)->69868K(71616K) Class: 9000K(10048K)->9000K(10048K)
[2026-09-29T22:26:10.681-0400][13.760s][info][gc          ] GC(35) Pause Young (Mixed) (G1 Evacuation Pause) 97M->85M(224M) 5.626ms
[2026-09-29T22:26:10.681-0400][13.760s][info][gc,cpu      ] GC(35) User=0.03s Sys=0.00s Real=0.01s
[2026-09-29T22:26:10.681-0400][13.760s][info][safepoint   ] Safepoint "G1CollectForAllocation", Time since last: 39680605 ns, Reaching safepoint: 15499 ns, Cleanup: 23983 ns, At safepoint: 5777113 ns, Total: 5816595 ns
[2026-09-29T22:26:11.041-0400][14.120s][info][safepoint   ] Safepoint "ICBufferFull", Time since last: 357557191 ns, Reaching safepoint: 1710190 ns, Cleanup: 382316 ns, At safepoint: 110924 ns, Total: 2203430 ns
[2026-09-29T22:26:11.047-0400][14.126s][info][safepoint   ] Safepoint "ICBufferFull", Time since last: 1216877 ns, Reaching safepoint: 4533929 ns, Cleanup: 21827 ns, At safepoint: 129898 ns, Total: 4685654 ns
[2026-09-29T22:26:11.241-0400][14.320s][info][gc,start    ] GC(36) Pause Young (Normal) (G1 Evacuation Pause)
[2026-09-29T22:26:11.241-0400][14.320s][info][gc,task     ] GC(36) Using 6 workers of 8 for evacuation
[2026-09-29T22:26:11.246-0400][14.325s][info][gc,phases   ] GC(36)   Pre Evacuate Collection Set: 0.15ms
[2026-09-29T22:26:11.246-0400][14.325s][info][gc,phases   ] GC(36)   Merge Heap Roots: 0.14ms
[2026-09-29T22:26:11.246-0400][14.325s][info][gc,phases   ] GC(36)   Evacuate Collection Set: 3.32ms
[2026-09-29T22:26:11.246-0400][14.325s][info][gc,phases   ] GC(36)   Post Evacuate Collection Set: 1.66ms
[2026-09-29T22:26:11.246-0400][14.325s][info][gc,phases   ] GC(36)   Other: 0.14ms
[2026-09-29T22:26:11.246-0400][14.325s][info][gc,heap     ] GC(36) Eden regions: 9->0(19)
[2026-09-29T22:26:11.246-0400][14.325s][info][gc,heap     ] GC(36) Survivor regions: 1->1(2)
[2026-09-29T22:26:11.246-0400][14.325s][info][gc,heap     ] GC(36) Old regions: 10->10
[2026-09-29T22:26:11.246-0400][14.325s][info][gc,heap     ] GC(36) Archive regions: 2->2
[2026-09-29T22:26:11.246-0400][14.325s][info][gc,heap     ] GC(36) Humongous regions: 0->0
[2026-09-29T22:26:11.246-0400][14.325s][info][gc,metaspace] GC(36) Metaspace: 83123K(85888K)->83123K(85888K) NonClass: 73514K(75200K)->73514K(75200K) Class: 9609K(10688K)->9609K(10688K)
[2026-09-29T22:26:11.246-0400][14.325s][info][gc          ] GC(36) Pause Young (Normal) (G1 Evacuation Pause) 157M->89M(328M) 5.477ms
[2026-09-29T22:26:11.246-0400][14.325s][info][gc,cpu      ] GC(36) User=0.02s Sys=0.00s Real=0.00s
[2026-09-29T22:26:11.246-0400][14.325s][info][safepoint   ] Safepoint "G1CollectForAllocation", Time since last: 193472327 ns, Reaching safepoint: 12189 ns, Cleanup: 153660 ns, At safepoint: 5604158 ns, Total: 5770007 ns
[2026-09-29T22:26:11.604-0400][14.684s][info][safepoint   ] Safepoint "ICBufferFull", Time since last: 357970392 ns, Reaching safepoint: 11323 ns, Cleanup: 115634 ns, At safepoint: 118169 ns, Total: 245126 ns
[2026-09-29T22:26:11.605-0400][14.684s][info][safepoint   ] Safepoint "ICBufferFull", Time since last: 119764 ns, Reaching safepoint: 5821 ns, Cleanup: 2163 ns, At safepoint: 88552 ns, Total: 96536 ns
[2026-09-29T22:26:11.766-0400][14.845s][info][safepoint   ] Safepoint "ICBufferFull", Time since last: 160817838 ns, Reaching safepoint: 130645 ns, Cleanup: 137071 ns, At safepoint: 57092 ns, Total: 324808 ns
[2026-09-29T22:26:11.766-0400][14.845s][info][safepoint   ] Safepoint "ICBufferFull", Time since last: 228325 ns, Reaching safepoint: 107522 ns, Cleanup: 6686 ns, At safepoint: 98111 ns, Total: 212319 ns
[2026-09-29T22:26:11.767-0400][14.846s][info][safepoint   ] Safepoint "ICBufferFull", Time since last: 229169 ns, Reaching safepoint: 93158 ns, Cleanup: 2282 ns, At safepoint: 57066 ns, Total: 152506 ns
[2026-09-29T22:26:11.767-0400][14.846s][info][safepoint   ] Safepoint "ICBufferFull", Time since last: 108393 ns, Reaching safepoint: 94182 ns, Cleanup: 1576 ns, At safepoint: 56964 ns, Total: 152722 ns
[2026-09-29T22:26:11.927-0400][15.006s][info][safepoint   ] Safepoint "ICBufferFull", Time since last: 159532036 ns, Reaching safepoint: 119842 ns, Cleanup: 98854 ns, At safepoint: 110279 ns, Total: 328975 ns
[2026-09-29T22:26:11.927-0400][15.006s][info][safepoint   ] Safepoint "ICBufferFull", Time since last: 386909 ns, Reaching safepoint: 80594 ns, Cleanup: 9841 ns, At safepoint: 71007 ns, Total: 161442 ns
[2026-09-29T22:26:12.142-0400][15.221s][info][safepoint   ] Safepoint "ClassLoaderStatsOperation", Time since last: 212239639 ns, Reaching safepoint: 209472 ns, Cleanup: 120276 ns, At safepoint: 2393414 ns, Total: 2723162 ns
[2026-09-29T22:26:12.903-0400][15.982s][info][safepoint   ] Safepoint "ICBufferFull", Time since last: 759822240 ns, Reaching safepoint: 7458 ns, Cleanup: 404211 ns, At safepoint: 10115 ns, Total: 421784 ns
[2026-09-29T22:26:12.915-0400][15.994s][info][safepoint   ] Safepoint "ICBufferFull", Time since last: 12135004 ns, Reaching safepoint: 9215 ns, Cleanup: 225476 ns, At safepoint: 2155 ns, Total: 236846 ns
[2026-09-29T22:26:13.678-0400][16.757s][info][safepoint   ] Safepoint "ICBufferFull", Time since last: 763282055 ns, Reaching safepoint: 9545 ns, Cleanup: 117430 ns, At safepoint: 20738 ns, Total: 147713 ns
[2026-09-29T22:26:13.683-0400][16.763s][info][gc,start    ] GC(37) Pause Young (Normal) (G1 Evacuation Pause)
[2026-09-29T22:26:13.684-0400][16.763s][info][gc,task     ] GC(37) Using 7 workers of 8 for evacuation
[2026-09-29T22:26:13.692-0400][16.771s][info][gc,phases   ] GC(37)   Pre Evacuate Collection Set: 0.25ms
[2026-09-29T22:26:13.692-0400][16.771s][info][gc,phases   ] GC(37)   Merge Heap Roots: 0.20ms
[2026-09-29T22:26:13.692-0400][16.771s][info][gc,phases   ] GC(37)   Evacuate Collection Set: 4.62ms
[2026-09-29T22:26:13.692-0400][16.771s][info][gc,phases   ] GC(37)   Post Evacuate Collection Set: 2.99ms
[2026-09-29T22:26:13.692-0400][16.771s][info][gc,phases   ] GC(37)   Other: 0.19ms
[2026-09-29T22:26:13.692-0400][16.771s][info][gc,heap     ] GC(37) Eden regions: 19->0(18)
[2026-09-29T22:26:13.692-0400][16.771s][info][gc,heap     ] GC(37) Survivor regions: 1->2(3)
[2026-09-29T22:26:13.692-0400][16.771s][info][gc,heap     ] GC(37) Old regions: 10->10
[2026-09-29T22:26:13.692-0400][16.771s][info][gc,heap     ] GC(37) Archive regions: 2->2
[2026-09-29T22:26:13.692-0400][16.771s][info][gc,heap     ] GC(37) Humongous regions: 0->0
[2026-09-29T22:26:13.692-0400][16.771s][info][gc,metaspace] GC(37) Metaspace: 92670K(95488K)->92670K(95488K) NonClass: 82050K(83776K)->82050K(83776K) Class: 10620K(11712K)->10620K(11712K)
[2026-09-29T22:26:13.692-0400][16.771s][info][gc          ] GC(37) Pause Young (Normal) (G1 Evacuation Pause) 241M->94M(328M) 8.306ms
[2026-09-29T22:26:13.692-0400][16.771s][info][gc,cpu      ] GC(37) User=0.03s Sys=0.01s Real=0.01s
[2026-09-29T22:26:13.692-0400][16.771s][info][safepoint   ] Safepoint "G1CollectForAllocation", Time since last: 4907570 ns, Reaching safepoint: 229131 ns, Cleanup: 13553 ns, At safepoint: 8497562 ns, Total: 8740246 ns
[2026-09-29T22:26:14.334-0400][17.413s][info][safepoint   ] Safepoint "ICBufferFull", Time since last: 641407383 ns, Reaching safepoint: 7015 ns, Cleanup: 135679 ns, At safepoint: 2507 ns, Total: 145201 ns
[2026-09-29T22:26:14.789-0400][17.868s][info][safepoint   ] Safepoint "ICBufferFull", Time since last: 455300171 ns, Reaching safepoint: 7502 ns, Cleanup: 88462 ns, At safepoint: 1656 ns, Total: 97620 ns
[2026-09-29T22:26:15.150-0400][18.229s][info][safepoint   ] Safepoint "ICBufferFull", Time since last: 361181045 ns, Reaching safepoint: 13045 ns, Cleanup: 112237 ns, At safepoint: 60362 ns, Total: 185644 ns
[2026-09-29T22:26:15.426-0400][18.505s][info][safepoint   ] Safepoint "ICBufferFull", Time since last: 275292288 ns, Reaching safepoint: 16362 ns, Cleanup: 130714 ns, At safepoint: 32571 ns, Total: 179647 ns
[2026-09-29T22:26:15.910-0400][18.989s][info][safepoint   ] Safepoint "ICBufferFull", Time since last: 483818960 ns, Reaching safepoint: 131445 ns, Cleanup: 437837 ns, At safepoint: 39536 ns, Total: 608818 ns
[2026-09-29T22:26:16.131-0400][19.210s][info][gc,start    ] GC(38) Pause Young (Normal) (G1 Evacuation Pause)
[2026-09-29T22:26:16.131-0400][19.211s][info][gc,task     ] GC(38) Using 7 workers of 8 for evacuation
[2026-09-29T22:26:16.143-0400][19.222s][info][gc,phases   ] GC(38)   Pre Evacuate Collection Set: 0.22ms
[2026-09-29T22:26:16.143-0400][19.222s][info][gc,phases   ] GC(38)   Merge Heap Roots: 0.28ms
[2026-09-29T22:26:16.143-0400][19.222s][info][gc,phases   ] GC(38)   Evacuate Collection Set: 6.97ms
[2026-09-29T22:26:16.143-0400][19.222s][info][gc,phases   ] GC(38)   Post Evacuate Collection Set: 3.73ms
[2026-09-29T22:26:16.143-0400][19.222s][info][gc,phases   ] GC(38)   Other: 0.14ms
[2026-09-29T22:26:16.143-0400][19.222s][info][gc,heap     ] GC(38) Eden regions: 18->0(17)
[2026-09-29T22:26:16.143-0400][19.222s][info][gc,heap     ] GC(38) Survivor regions: 2->3(3)
[2026-09-29T22:26:16.143-0400][19.222s][info][gc,heap     ] GC(38) Old regions: 10->10
[2026-09-29T22:26:16.143-0400][19.222s][info][gc,heap     ] GC(38) Archive regions: 2->2
[2026-09-29T22:26:16.143-0400][19.222s][info][gc,heap     ] GC(38) Humongous regions: 0->0
[2026-09-29T22:26:16.143-0400][19.222s][info][gc,metaspace] GC(38) Metaspace: 110330K(113536K)->110330K(113536K) NonClass: 97314K(99264K)->97314K(99264K) Class: 13016K(14272K)->13016K(14272K)
[2026-09-29T22:26:16.143-0400][19.222s][info][gc          ] GC(38) Pause Young (Normal) (G1 Evacuation Pause) 238M->105M(328M) 11.443ms
[2026-09-29T22:26:16.143-0400][19.222s][info][gc,cpu      ] GC(38) User=0.05s Sys=0.00s Real=0.01s
[2026-09-29T22:26:16.143-0400][19.222s][info][safepoint   ] Safepoint "G1CollectForAllocation", Time since last: 221096364 ns, Reaching safepoint: 8624 ns, Cleanup: 75237 ns, At safepoint: 11543550 ns, Total: 11627411 ns
[2026-09-29T22:26:16.519-0400][19.598s][info][safepoint   ] Safepoint "ICBufferFull", Time since last: 375929280 ns, Reaching safepoint: 20055 ns, Cleanup: 349207 ns, At safepoint: 55887 ns, Total: 425149 ns
[2026-09-29T22:26:16.932-0400][20.011s][info][safepoint   ] Safepoint "ICBufferFull", Time since last: 408614443 ns, Reaching safepoint: 16689 ns, Cleanup: 484777 ns, At safepoint: 3613260 ns, Total: 4114726 ns
[2026-09-29T22:26:17.155-0400][20.234s][info][safepoint   ] Safepoint "ClassLoaderStatsOperation", Time since last: 219010817 ns, Reaching safepoint: 16585 ns, Cleanup: 506379 ns, At safepoint: 3762440 ns, Total: 4285404 ns
[2026-09-29T22:26:17.194-0400][20.273s][info][gc,start    ] GC(39) Pause Young (Normal) (G1 Evacuation Pause)
[2026-09-29T22:26:17.194-0400][20.273s][info][gc,task     ] GC(39) Using 7 workers of 8 for evacuation
[2026-09-29T22:26:17.211-0400][20.290s][info][gc,phases   ] GC(39)   Pre Evacuate Collection Set: 0.18ms
[2026-09-29T22:26:17.211-0400][20.290s][info][gc,phases   ] GC(39)   Merge Heap Roots: 0.88ms
[2026-09-29T22:26:17.211-0400][20.290s][info][gc,phases   ] GC(39)   Evacuate Collection Set: 13.59ms
[2026-09-29T22:26:17.211-0400][20.290s][info][gc,phases   ] GC(39)   Post Evacuate Collection Set: 2.29ms
[2026-09-29T22:26:17.211-0400][20.290s][info][gc,phases   ] GC(39)   Other: 0.21ms
[2026-09-29T22:26:17.211-0400][20.290s][info][gc,heap     ] GC(39) Eden regions: 17->0(17)
[2026-09-29T22:26:17.211-0400][20.290s][info][gc,heap     ] GC(39) Survivor regions: 3->1(3)
[2026-09-29T22:26:17.211-0400][20.290s][info][gc,heap     ] GC(39) Old regions: 10->12
[2026-09-29T22:26:17.211-0400][20.290s][info][gc,heap     ] GC(39) Archive regions: 2->2
[2026-09-29T22:26:17.211-0400][20.290s][info][gc,heap     ] GC(39) Humongous regions: 0->0
[2026-09-29T22:26:17.211-0400][20.290s][info][gc,metaspace] GC(39) Metaspace: 119818K(123008K)->119818K(123008K) NonClass: 105703K(107648K)->105703K(107648K) Class: 14115K(15360K)->14115K(15360K)
[2026-09-29T22:26:17.211-0400][20.290s][info][gc          ] GC(39) Pause Young (Normal) (G1 Evacuation Pause) 241M->104M(328M) 17.261ms
[2026-09-29T22:26:17.211-0400][20.290s][info][gc,cpu      ] GC(39) User=0.08s Sys=0.00s Real=0.02s
[2026-09-29T22:26:17.212-0400][20.291s][info][safepoint   ] Safepoint "G1CollectForAllocation", Time since last: 38465563 ns, Reaching safepoint: 14684 ns, Cleanup: 22370 ns, At safepoint: 17823969 ns, Total: 17861023 ns
[2026-09-29T22:26:18.591-0400][21.670s][info][safepoint   ] Safepoint "Cleanup", Time since last: 1378871638 ns, Reaching safepoint: 4547 ns, Cleanup: 446898 ns, At safepoint: 24330 ns, Total: 475775 ns
[2026-09-29T22:26:18.845-0400][21.924s][info][safepoint   ] Safepoint "RedefineClasses", Time since last: 180325972 ns, Reaching safepoint: 138711 ns, Cleanup: 143965 ns, At safepoint: 73175814 ns, Total: 73458490 ns
[2026-09-29T22:26:18.876-0400][21.955s][info][safepoint   ] Safepoint "JFRCheckpoint", Time since last: 31207197 ns, Reaching safepoint: 12746 ns, Cleanup: 115784 ns, At safepoint: 9021 ns, Total: 137551 ns
[2026-09-29T22:26:18.883-0400][21.962s][info][safepoint   ] Safepoint "JFROldObject", Time since last: 6625720 ns, Reaching safepoint: 18726 ns, Cleanup: 8432 ns, At safepoint: 69680 ns, Total: 96838 ns
[2026-09-29T22:26:18.937-0400][22.016s][info][safepoint   ] Safepoint "RedefineClasses", Time since last: 1835315 ns, Reaching safepoint: 14863 ns, Cleanup: 5918 ns, At safepoint: 52182987 ns, Total: 52203768 ns
[2026-09-29T22:26:18.945-0400][22.024s][info][safepoint   ] Safepoint "ClassLoaderStatsOperation", Time since last: 4035388 ns, Reaching safepoint: 156469 ns, Cleanup: 8798 ns, At safepoint: 3495370 ns, Total: 3660637 ns
[2026-09-29T22:26:19.945-0400][23.024s][info][safepoint   ] Safepoint "Cleanup", Time since last: 1000453925 ns, Reaching safepoint: 26815 ns, Cleanup: 73454 ns, At safepoint: 5809 ns, Total: 106078 ns
[2026-09-29T22:26:20.945-0400][24.025s][info][safepoint   ] Safepoint "Cleanup", Time since last: 1000277335 ns, Reaching safepoint: 16991 ns, Cleanup: 29686 ns, At safepoint: 3537 ns, Total: 50214 ns
[2026-09-29T22:26:21.946-0400][25.025s][info][safepoint   ] Safepoint "Cleanup", Time since last: 1000245288 ns, Reaching safepoint: 38559 ns, Cleanup: 33123 ns, At safepoint: 5133 ns, Total: 76815 ns
[2026-09-29T22:26:22.045-0400][25.124s][info][safepoint   ] Safepoint "ClassLoaderStatsOperation", Time since last: 95045671 ns, Reaching safepoint: 19896 ns, Cleanup: 7869 ns, At safepoint: 3894780 ns, Total: 3922545 ns
[2026-09-29T22:26:23.045-0400][26.124s][info][safepoint   ] Safepoint "Cleanup", Time since last: 1000364542 ns, Reaching safepoint: 24110 ns, Cleanup: 33960 ns, At safepoint: 3281 ns, Total: 61351 ns
[2026-09-29T22:26:24.045-0400][27.124s][info][safepoint   ] Safepoint "Cleanup", Time since last: 1000147913 ns, Reaching safepoint: 23349 ns, Cleanup: 28012 ns, At safepoint: 3475 ns, Total: 54836 ns
[2026-09-29T22:26:25.046-0400][28.125s][info][safepoint   ] Safepoint "Cleanup", Time since last: 1000302851 ns, Reaching safepoint: 19306 ns, Cleanup: 30300 ns, At safepoint: 4614 ns, Total: 54220 ns
[2026-09-29T22:26:26.046-0400][29.125s][info][safepoint   ] Safepoint "Cleanup", Time since last: 1000211776 ns, Reaching safepoint: 19890 ns, Cleanup: 30904 ns, At safepoint: 4442 ns, Total: 55236 ns
[2026-09-29T22:26:27.036-0400][30.115s][info][safepoint   ] Safepoint "ClassLoaderStatsOperation", Time since last: 985683377 ns, Reaching safepoint: 49103 ns, Cleanup: 18056 ns, At safepoint: 4143381 ns, Total: 4210540 ns
[2026-09-29T22:26:28.036-0400][31.115s][info][safepoint   ] Safepoint "Cleanup", Time since last: 1000224077 ns, Reaching safepoint: 17759 ns, Cleanup: 39236 ns, At safepoint: 78103 ns, Total: 135098 ns
[2026-09-29T22:26:28.889-0400][31.968s][info][safepoint   ] Safepoint "ClassLoaderStatsOperation", Time since last: 840330019 ns, Reaching safepoint: 9268103 ns, Cleanup: 40287 ns, At safepoint: 2952135 ns, Total: 12260525 ns
[2026-09-29T22:26:28.899-0400][31.978s][info][safepoint   ] Safepoint "JFRCheckpoint", Time since last: 2132698 ns, Reaching safepoint: 7973839 ns, Cleanup: 11194 ns, At safepoint: 95722 ns, Total: 8080755 ns
[2026-09-29T22:26:28.904-0400][31.983s][info][safepoint   ] Safepoint "JFROldObject", Time since last: 4729712 ns, Reaching safepoint: 17288 ns, Cleanup: 4680 ns, At safepoint: 129291 ns, Total: 151259 ns
[2026-09-29T22:26:29.904-0400][32.983s][info][safepoint   ] Safepoint "Cleanup", Time since last: 1000186301 ns, Reaching safepoint: 24736 ns, Cleanup: 15918 ns, At safepoint: 2747 ns, Total: 43401 ns
[2026-09-29T22:26:32.115-0400][35.194s][info][safepoint   ] Safepoint "ClassLoaderStatsOperation", Time since last: 2206647863 ns, Reaching safepoint: 18946 ns, Cleanup: 6785 ns, At safepoint: 3818117 ns, Total: 3843848 ns
[2026-09-29T22:26:33.641-0400][36.720s][info][gc,start    ] GC(40) Pause Young (Concurrent Start) (Metadata GC Threshold)
[2026-09-29T22:26:33.641-0400][36.721s][info][gc,task     ] GC(40) Using 8 workers of 8 for evacuation
[2026-09-29T22:26:33.650-0400][36.729s][info][gc,phases   ] GC(40)   Pre Evacuate Collection Set: 0.56ms
[2026-09-29T22:26:33.650-0400][36.729s][info][gc,phases   ] GC(40)   Merge Heap Roots: 0.34ms
[2026-09-29T22:26:33.650-0400][36.729s][info][gc,phases   ] GC(40)   Evacuate Collection Set: 5.10ms
[2026-09-29T22:26:33.650-0400][36.729s][info][gc,phases   ] GC(40)   Post Evacuate Collection Set: 2.12ms
[2026-09-29T22:26:33.650-0400][36.729s][info][gc,phases   ] GC(40)   Other: 0.31ms
[2026-09-29T22:26:33.650-0400][36.729s][info][gc,heap     ] GC(40) Eden regions: 15->0(16)
[2026-09-29T22:26:33.650-0400][36.729s][info][gc,heap     ] GC(40) Survivor regions: 1->2(3)
[2026-09-29T22:26:33.650-0400][36.729s][info][gc,heap     ] GC(40) Old regions: 12->12
[2026-09-29T22:26:33.650-0400][36.729s][info][gc,heap     ] GC(40) Archive regions: 2->2
[2026-09-29T22:26:33.650-0400][36.729s][info][gc,heap     ] GC(40) Humongous regions: 0->0
[2026-09-29T22:26:33.650-0400][36.729s][info][gc,metaspace] GC(40) Metaspace: 129890K(133376K)->129890K(133376K) NonClass: 114725K(116864K)->114725K(116864K) Class: 15164K(16512K)->15164K(16512K)
[2026-09-29T22:26:33.650-0400][36.729s][info][gc          ] GC(40) Pause Young (Concurrent Start) (Metadata GC Threshold) 221M->107M(328M) 8.452ms
[2026-09-29T22:26:33.650-0400][36.729s][info][gc,cpu      ] GC(40) User=0.03s Sys=0.00s Real=0.01s
[2026-09-29T22:26:33.650-0400][36.729s][info][gc          ] GC(41) Concurrent Mark Cycle
[2026-09-29T22:26:33.650-0400][36.729s][info][gc,marking  ] GC(41) Concurrent Clear Claimed Marks
[2026-09-29T22:26:33.650-0400][36.729s][info][gc,marking  ] GC(41) Concurrent Clear Claimed Marks 0.131ms
[2026-09-29T22:26:33.650-0400][36.729s][info][gc,marking  ] GC(41) Concurrent Scan Root Regions
[2026-09-29T22:26:33.650-0400][36.729s][info][safepoint   ] Safepoint "CollectForMetadataAllocation", Time since last: 1526465692 ns, Reaching safepoint: 17302 ns, Cleanup: 165387 ns, At safepoint: 8908784 ns, Total: 9091473 ns
[2026-09-29T22:26:33.657-0400][36.736s][info][gc,marking  ] GC(41) Concurrent Scan Root Regions 7.253ms
[2026-09-29T22:26:33.657-0400][36.737s][info][gc,marking  ] GC(41) Concurrent Mark
[2026-09-29T22:26:33.657-0400][36.737s][info][gc,marking  ] GC(41) Concurrent Mark From Roots
[2026-09-29T22:26:33.657-0400][36.737s][info][gc,task     ] GC(41) Using 2 workers of 2 for marking
[2026-09-29T22:26:33.673-0400][36.752s][info][safepoint   ] Safepoint "CollectForMetadataAllocation", Time since last: 22062670 ns, Reaching safepoint: 159159 ns, Cleanup: 43701 ns, At safepoint: 291794 ns, Total: 494654 ns
[2026-09-29T22:26:33.713-0400][36.792s][info][gc,marking  ] GC(41) Concurrent Mark From Roots 55.288ms
[2026-09-29T22:26:33.713-0400][36.792s][info][gc,marking  ] GC(41) Concurrent Preclean
[2026-09-29T22:26:33.713-0400][36.793s][info][gc,marking  ] GC(41) Concurrent Preclean 0.666ms
[2026-09-29T22:26:33.714-0400][36.793s][info][gc,start    ] GC(41) Pause Remark
[2026-09-29T22:26:33.728-0400][36.807s][info][gc,heap     ] GC(41) Heap shrink completed: uncommitted 7 regions (56MB), heap size now 272MB
[2026-09-29T22:26:33.728-0400][36.807s][info][gc          ] GC(41) Pause Remark 113M->113M(272M) 14.311ms
[2026-09-29T22:26:33.728-0400][36.807s][info][gc,cpu      ] GC(41) User=0.06s Sys=0.00s Real=0.02s
[2026-09-29T22:26:33.728-0400][36.807s][info][safepoint   ] Safepoint "G1PauseRemark", Time since last: 40790400 ns, Reaching safepoint: 18831 ns, Cleanup: 35085 ns, At safepoint: 14592475 ns, Total: 14646391 ns
[2026-09-29T22:26:33.728-0400][36.807s][info][gc,marking  ] GC(41) Concurrent Mark 70.847ms
[2026-09-29T22:26:33.728-0400][36.807s][info][gc,marking  ] GC(41) Concurrent Rebuild Remembered Sets
[2026-09-29T22:26:33.764-0400][36.843s][info][gc,marking  ] GC(41) Concurrent Rebuild Remembered Sets 35.311ms
[2026-09-29T22:26:33.777-0400][36.856s][info][gc,start    ] GC(41) Pause Cleanup
[2026-09-29T22:26:33.777-0400][36.856s][info][gc          ] GC(41) Pause Cleanup 127M->127M(272M) 0.264ms
[2026-09-29T22:26:33.777-0400][36.856s][info][gc,cpu      ] GC(41) User=0.00s Sys=0.00s Real=0.00s
[2026-09-29T22:26:33.777-0400][36.856s][info][safepoint   ] Safepoint "G1PauseCleanup", Time since last: 35601221 ns, Reaching safepoint: 12998129 ns, Cleanup: 25494 ns, At safepoint: 398780 ns, Total: 13422403 ns
[2026-09-29T22:26:33.777-0400][36.856s][info][gc,marking  ] GC(41) Concurrent Cleanup for Next Mark
[2026-09-29T22:26:33.778-0400][36.857s][info][gc,marking  ] GC(41) Concurrent Cleanup for Next Mark 0.431ms
[2026-09-29T22:26:33.778-0400][36.857s][info][gc          ] GC(41) Concurrent Mark Cycle 127.736ms
[2026-09-29T22:26:34.084-0400][37.163s][info][safepoint   ] Safepoint "ICBufferFull", Time since last: 306488625 ns, Reaching safepoint: 12597 ns, Cleanup: 138762 ns, At safepoint: 2740 ns, Total: 154099 ns
[2026-09-29T22:26:34.283-0400][37.362s][info][gc,heap,exit] Heap
[2026-09-29T22:26:34.283-0400][37.362s][info][gc,heap,exit]  garbage-first heap   total 278528K, used 199237K [0x00000005aa800000, 0x0000000800000000)
[2026-09-29T22:26:34.283-0400][37.362s][info][gc,heap,exit]   region size 8192K, 13 young (106496K), 2 survivors (16384K)
[2026-09-29T22:26:34.283-0400][37.362s][info][gc,heap,exit]  Metaspace       used 130679K, committed 134208K, reserved 1179648K
[2026-09-29T22:26:34.283-0400][37.362s][info][gc,heap,exit]   class space    used 15256K, committed 16640K, reserved 1048576K
